ID,Text,Actual Labels,Predicted Labels,Evaluation
0,Tangina Chinese. Pinapasakop naman tayo ng isang tanga-tangang presidente sa mga chingchong eh,0,0,TN
1,"ay bakit?porke ba nasa America ka ay di ka na Pinoy?ulol! Magpa-blood transfusion ka man na galing sa Amerikano, Pinoy ka pa rin!! stupido!",0,0,TN
2,Ano ba kasing pinaglalaban ng mga Iglesia sa EDSA? Ang gulo na nga dun dinagdagan pa. Parang mga ulol lang.,0,0,TN
3,Anong nililipad mo dyan PUTANGINA KANG SIRAULO KANG MONGOLOID PILOT KA DYAN SA AIRPORT?!! ILANG BESES KO BANG SASABIHIN NA HINDI AKO INTERESTED NA MAGTRABAHO SA AIRPORT MO OR SA RESTAURANT MO PUTANGINA MO KAYA GAWIN MONG REACHABLE ANG LAHAT NG WEBSITES FOR ME NG 24/7 TANGINA KA!!,0,0,TN
4,The neighbor's smell got in the condo pota amoy bumbay,0,0,TN
5,TANGINA PORKET 13 LANG AKO GANYAN NA KAYO SAKEN HAYS MAGBBIRHTDAY DIN KASI AKO WEYT NYO LANG PAKYU GURANG NA KASI KAYO EH,0,0,TN
6,"Bobo kaba, dito ako nakatira mga kaklase finafillow ako, paano nila maiintindihan pinagsasabi ko pag tinagalog bobo talaga mga pinoy napaka tanga",0,0,TN
7,"And for the nth time, yawa ang mga lalaki period no erase ulol pakyu.",0,0,TN
8,CATHOLICS FUCK YALL FOR DRAGGING THE PURA LUKA ISSUE GANYAN BA YUNG MGA SINASAMBA NYONG DYOS-DYOSAN? YALL R SO HAPPY FOR OTHER'S SUFFERING SO FUCK YALL,0,0,TN
9,tangIna faggot kang anak ng pating kang abnoy ka na pisteng ulol ah fucking bitch giatay kang burikat ka na mukang ebak na puno ng kinginamong hayop ka ampanget ng nanay mo ampanget ng tatay mo syempre dika exempted panget ka din tangina mo,0,0,TN
10,Mga lalaki talaga mga hayuk sa babae. Tangina. Kakapanood niyo kasi ng pornography videos na pinagsasabay ang mga babae. Mga putangina niyong mga manloloko kayo. Kating kati?,0,0,TN
11,Putangina pwede bang itigil na ng matatanda mag sabi ng kababae mong tao ganyan ka like shut the fuck up i didn't ask for your opinion nobody needs your stupid opinion pag babae ka you're supposed to be the taga linis kase you're babae pag lalake ka it's okay -,0,0,TN
12,"mamatay na sana yung sumaksak sa aso ko, pupulutanin nyo kasi malaki katawan? di payatot noh, alagang alaga eh. mamatay na kayo pls!!!!! putang ina nyo di nyo deserve mabuhay, kayo yung hayop dito.",1,0,FN
13,"when will ppl understand that, just increasing the volume doesnt equate to sounding good, fuck man nakakapikon tunog dito sa church ansakit sa tenga amputa",0,0,TN
14, fuck you and your twisted beliefs. mas genuine pa yung sympathy ng chaplain sa evangelical church ng tabak putangina niyo,0,0,TN
15,"anong gusto mo? sagutin kita? e may jowa ako lol. tanginamo, ante. baliw ka ba???? educ pa naman course mo, tapos ganyan ka. yawa ang bobo mo",0,1,FP
16,"isasama ko kayo sa mga badjao, mga ulol pinagiisipan niyo ako ng masama wag po ako awa na hahahahaha gago",0,0,TN
17,bobo ka na pari niluluto yan sa lunch counter ng mga public school kupal ipinamimigay yan tuwing recess ng hapon leader ako noon sa room kaya ako ang taga kuha submit sa lunch counter yung present during that time at tatawagin kapag ready na saan ka ba nagaral noon sa gay bar,0,0,TN
18,"kadiri sa feeling educated sa fb tapos kunwari palaging tama,, bugok, panget ka na nga, kinulang ka pa sa height, asim mo pa!",0,0,TN
19,"TANGINA NG ADMIN NA TO PUTA RECORDED NA NGA YUNG SOEECH NAPAKATAGAL PA IEDIT MGA PUTANGINANG WALANGHIYA, I-LIVESTREAM NIYO NA LANG NG BUO KAHIT ILANG ORAS YAN GANUN DIN NAMAN WALANG KWENTA",1,1,TP
20,these filipinos knew damn well how to milk us like yall monkeys should stop migrating here smh,0,0,TN
21,Bakit ba ang bobobobo ng mga baby boomers na naka-upo??? Keep up naman mga tanda. Tangina naman nauuumay na kong panuorin kayong mamahala. Nakakawala ng respeto. Pakshit kayo.,0,0,TN
22,BOBO SURE AKO NA BY NOW IKINAHIHIYA KA NG MGA TITSER AT KAMG ANAK MO SA KABOBOHAN MO MAG KOMENTO. ANG TANGA TANGA KASI,1,1,TP
23,hindi naman ako lalaki para gawin yun tangina gusto ko rin maranasan yon ng kinukusa,0,0,TN
24,taena haha kung ano ano pang sinasabi tapos ligwak naman pala sa dl/pl this sem. Bobo HAHA,1,1,TP
25,"TANGINA NI GADGET ADDICT, WALA NANG NAIDULOT KUNG HINDI PURO INTRIGA AT SCANDAL",1,1,TP
26,ulol bakla mamatay kana sama mo amo mo,0,0,TN
27,"Pag supporter talaga ni Deputa tanga, inutil, imbecile, walang dulot ang sinasabi, ignorante, lahat na masasamang words pwede na sabihin. Binadmouth ko talaga haha wala 'kong pake kung matanda ka sa'kin",0,0,TN
28,"Eng prof men matanda na, sana gahasain siya ng bakla",0,0,TN
29,ALA AKONG PAKE SA PERA MO GIRL MAY SARILI AKONG BUHAY ATLIS WALA AKONG SUGAR DADDY BOBO HAYOP NATO TANGINA NAKAILANG ARABO KANA DYAN SA IBANG BANSA TARATANDO KA HAHAHA INIWAN YUNG ASAWA PARA SA ARABO PABUNTIS KA DYAN BE PARA YUMAMAN KA ,0,0,TN
30,kanina may nakasalubong ako sa elevator mabaho ughhhhhhhhh. amoy putok ng bumbay + dying animals. natrauma na ako sa elevator,0,0,TN
31,Gago ang pangit nyo talaga kayong matatanda na walang pagkatandaan. Boomer energy ampota,0,0,TN
32,hindot na binabae pa.... ngiwi dito ngiwi dun... hahaha,0,0,TN
33,Nang gigil nanaman si ako sa mga teenager na to kung mag ano sus. Mga pakyu!,0,0,TN
34,Hay ang ganda namang bungad sa umaga. Parang makakasapak ako ng intsik mamaya,0,0,TN
35,etong mga madre na mga puta na sumusuporta kay lenitard putangina nyo ,0,0,TN
36,all priests are fucking predators tangina nyong mga puta kayo fucking die in hell,0,0,TN
37,Tapos dinpa inallow ung testing center sa Marikina. Pakyu Duque! Magresign ka na po! Isa kang corrupt BOOMER!,0,0,TN
38,Nakalimutan na naman uminom ng gamot si Tanda! Hoy GAGO mag kulambo ka na lang. You are not relevant anymore. ,0,0,TN
39,Ulol. Basta Iglesia talaga bobo.,0,0,TN
40," Ganon ba dapat mag-act ang isang madre? :/ #MMK"" onga. Sarap patayin eh. HAHAHA. XD",0,0,TN
41,uy gago sakit naman lalo na yung ending niyan bwiset yung bata diyan eh,0,0,TN
42,Maka millenials naman tong nanay ko eh sarap sabunutan eh.,0,0,TN
43,"TAPOS TANGINA KANG MONGOLOID PILOT KA, GAANO PA KABAGAL ANG PAGCHI-CHECK MO NG BOX NG reCAPTCHA KUNG HINDI NAMAN AKO PUPUNTA SA PASIG, MALABON AND MANDALUYONG BRANCHES? HINDI RIN AKO MAGTATRABAHO SA AIRPORT MO OR SA RESTAURANT MO PUTANGINA MO MONGOLOID PILOT. I'LL TEACH TANGINA.",0,1,FP
44,may galit talaga ako sa mga iglesia eh. tangina kasi nila. AHAHAHAHA,0,0,TN
45,hahhahaha mga putanginang bobong bulag n mga suporter to! gutom n sinasampal n ng ktutuhanan mga incompetent bnoto nila tanga tangahan parin!,0,0,TN
46,"Ang bastos talaga ng ibang baby boomers tangina, ang lumanay ng tono ko sakaniya bigla ba naman akong sabihan ng bastos??",0,0,TN
47,"You're such a pity thou like why allowing yourself to be that low, tanga tangahan si tanda for free ",0,0,TN
48,DI KO NILALAHAT AH! PERO TRIGGERED NA TRIEGGERED NA TALAGA AKO EH! S/O SA MGA IMMA FANS JAN NA HALOS LAHAT MGA BABY BRA WARRIORS!! TANGINA NYO AH KUNG WALA KAYONG MAGANDANG MASABI MANAHIMIK NALANG KAYO PWEDE? NAKAKAHIYA KAYO EH! MADAMING MEANING ANG BTS FYI WAG KAYONG MEMA!,0,0,TN
49,Mag oopinion ka na nga lang mali mali pa bobo ka wala ka masabeng matino utak talangka,1,1,TP
50,Taong simabahan daw siya amputa pero ganyan ugali mo demonyo fvck you kala mo sinong banal,0,0,TN
51,kung umasta kayo para kayong mga matatandang ulol! gurang na kau neh! feeling teenager ang mga POTEK!,0,0,TN
52,PUTANGINA MO IVANA ALAWI! TINGIN KO SAYO 3RD WORLD VERSION NI BELLE DELPHINE! DAMI MONG NAUUTO POTA KA!,1,0,FN
53,"Muslim Patayin,Mosque Bombahin:By Edgar Matobato Ex.Davao Death Squad.",0,0,TN
54,"mga badjao, papangit niyo kasi lahat kayo kadiri",0,0,TN
55,Bat baga may bakla akong kapatid na isip bata punyeta okay sana kung bakla e kaso tangina ugali e,0,0,TN
56,TANGINA MO DUQUE GASLIGHT PA MORE TANGINA MO ANONG TRAVEL BAN TRAVEL BAN PINAGSASABI MO DIYAN TANGINA MO GAGO WALA KAYONG TRAVEL BAN NA NILABAS TANGINA MO HARAPANV GAGUHAN AMPUTANGINA,1,1,TP
57,tangina talaga ng mga gantong lalaki sa jeep. yung upo parang tatlo bayag nya ampota.,0,0,TN
58,Wow! Isara ang katoliko? At anu naman ang bubuksan pwet mo?!!!!!!!! Tang ina mo! Dapat dyan RIP GEMY MORALES JR .ULOL KA!,0,0,TN
59,TANGINANG PHILHEALTH ICOCOVER LANG NG BUO ANG MEDICAL BILLS HANGGANG APRIL 14 EH DUN PALANG MAGSASTART ANG MASS TESTING POTA,1,1,TP
60,"kapal ng mukha mo ulol.. Mas makasalanan kaung mga tga iglesia ni kristo, mga mukang pera",0,0,TN
61,PUTANGINA NYONG MGA LALAKI KAYO. GROW UP AND STOP GHOSTING!! YOU'RE A FUCKING HYPOCRITE,0,0,TN
62,ayun oh ok na sila ano akala niyo kawalan kayo basta tanda ko lahat paano niyo napakita pagiging kupal niyo tama na kayo bakla kayo nalang sa susunod mag siraan wag niyo na ako idamay,0,0,TN
63,"ISA PA TONG PLDT. KAKAAYOS LANG NG LINYA LAST WEEK, NAWAWALA NAMAN ANG INTERNET. PAKYU WANMILLION TAYMS!!",1,1,TP
64,GRABE KANG ABM NO. 11 NA PLAYER KANINA NG BBALL WALA AKONG PAKE KUNG MAGALING KA PUNYETA KA AMBAHO BAHO MO NAMAN NAPAKAYABANG MO. NAKITA NANG NAKAKAAPAK NG SAPATOS DIMAN LANG MAG SORRY. POGO KA PUNYETA NAPAKA YABANG,0,0,TN
65,TANGINA BAKIT ANG DAMING BOBO SA PILIPINAS!,0,1,FP
66,Putangina mo ba? Kadiri kang gago ka ulol pakyu pukingina mong boomer ka!,0,0,TN
67,Umay dito sa twitter shuta panget ka bonding ni elon,1,1,TP
68,Yucckk nakakadiri Yung Name mo Pang Igorot !!! ewww Before U bash Vicerylle Look at urself 1st !,0,0,TN
69,Mga Bobo at Tanga kasi kaya kahit ano ihaen sa kanila paniwalang paniwala,1,1,TP
70,Tangina naman yung Iglesia at El Shaddai na itutuloy yung block voting tapos magagalit pag tinawag mo na kulto (cult) üòÇ,0,0,TN
71,"Sa TOTOO Lang, gusto mong bigyan ng chance itong government na ito, pero tang-ina, araw-araw na lang, gaguhan eh. Tapos yung mga mananamba, go lang ng go.",1,1,TP
72,"POTA ILOKANO HIHI, PATAYIN NATIN EAN",0,0,TN
73,pukinginang mga muslim moots sobrang pathetic ,0,0,TN
74,There's a special place in hell para sa mga tricycle drivers na salot. Alam ko naman na kailangan natin lahat kumita pero bakit maraming tricycle drivers na magulang?!? Either hindi alam ang lugar or hindi alam kung magkano ang pamasahe... Bobo yarn?,1,1,TP
75,karma from buddhism is not original tangina gaya gaya lang yang relihiyon nyo from golden rule pukingina mo buddha,0,0,TN
76,"TNAGINA YUNG OFFICMATE KONG TAMAD! TAAS NG SWELDO PERO SAKSAKAN NG TAMAD. LAGING WALANG AMBAG SA TRABAHO, PANAY BREAK LANG INAATUPAG. ALISTO LANG SIYA SA KAINAN. ANG BAHO PA NANG HININGA TAPOS UTOT PA NG UTOT AT TUWANG TUWA PA SIYA. BASTOS PUTA!",0,1,FP
77,Sabunutan natin ang negrong kalbo! Hahhaha,0,0,TN
78,Ew kadiri amputa plastik tangina lait ng lait ng ibang tao sa harap ko mas kalait lait nmn itsura nya badjao tanga,0,0,TN
79,tangina iglesia ni cristo. umayos kayo ah. kakapal ng mukha amp,0,0,TN
80,nakakahiya tlga ugali ng mga ibang peenoise esp millenials wats wrong pipolets dna lng mgng proud s achievement nun tao pacyupo,0,0,TN
81,bwiset na bakla to ang kulet,0,0,TN
82,LEAVE THAT INC CHURCH THEY R CULTS ILL FUCKING SAY IT AGAIN FUCKING CULTS,0,0,TN
83,KAMUSTA MGA SUGO NI FELIX MANALO? TANGINA NYONG MGA INC SANA DI NA KAYO SIKATAN NG ARAW PUTA KAYO,0,0,TN
84,"tangina niyo mga baby bra warriors, magsilayas kayo ss ateneo! tangina niyo",0,0,TN
85,"maganda lang katawan mo beh, pero pangit mukha mo",0,0,TN
86,Punyeta kayong mga feeling entitled na mga chingchong na nagpapalaganap ng nCOV TANGA NIYONG LAHAT,0,0,TN
87,ikaw puTang inang babaeng pokpok ka wg mq sagarin dhil mAs puta aq sau!!!.. mkitaan lng kita ng ebedensyanG agAinst skn huhubaran kita..kya nepeperahan ka ng mga tomboy mo kc puro puke nilalatag mo!..,0,0,TN
88,"Tangina mo, pakialemara ka masyado tanga tanga ka utak talangka kang bobo ka!",1,1,TP
89,ano nanaman yan puta ka kakagising ko lang please ayusin mo bakla,0,0,TN
90,Puking ina din netong mga mukhang lalaking tomboy eh. Hype na yan nakikipag unahan pa sa babae umupo sa MRT.,0,0,TN
91,TANGINA NG MGA NAGMOMOTOR NA WALANG RESPETO SA MGA PEDESTRIAN AMPUTA MGA INUTIL KITA NIYONG RED LIGHT LILIKO KAYO SA INTERSECTION MGA HINAYUPAK NA GUNGGONG,1,1,TP
92,Bakla kalang GAGO bugok ulol isip Bata tanga HAHAHHAA,0,0,TN
93,Tangina ng mga straight na lalaki pano niyo nasisikmurang sabihin sa babae ang mga ganto?????? Hindi ko nilalahat pero dumadami lahi niyo eh ,0,0,TN
94,"hahahaha akala ata hindi sila papatulan porket matanda sila, idadamay pa ako sa init ng ulo niya sa asawa niya gago amputa",0,0,TN
95,Ha? Sana okay ka lang. BOBO MO UTAK TALANGKA KA. MAY ALAM KABA TALAGA SA VOLLEYBALL O MEMA KA LANG?,1,1,TP
96,PUTANGINAMO ELON NAPAKA PANGIT MO MAG DESISYON PUNYETA NAMAN,1,0,FN
97,Kuya:tangna ang itim mo gago M:wow gagi ikaw din k: kadiri ang itim natin negro igorot HAHAHAHHAA,0,0,TN
98,Puro karindihan na lang nakikita ko sa mga lgbt tangina wala bang hindi cringey at immature,0,0,TN
99,ang lakas mang dogshow pakyu mukha kang shokoy,0,0,TN
100,Pak-U ka..The Boomer teddy boy..PakYu..PakYu.. ,0,0,TN
101,punyeta wag mong hintayin maubos ako ako mismo mananakit sayo kahit matanda ka pa,0,0,TN
102,POTAENA ANG TOTOXIC NG MGA NAGLALARO NG ML NGAYON LALO NA SA MYTHIC HUHUHU WALA MATINO KALABAN UNINSTALL MUNA TAYO EPALOGS TALAGA E,1,0,FN
103,puta napaka pangit mo lang,0,0,TN
104,NAKAKALUNGKOT NA KAHIT SA SARILI NATING BANSA TAYO PARIN ANG MAG AADJUST KAHIT SA LENGGUWAHE. NAKAKAGALIT. ANDAMI PARING TANGA. OK LANG KUNG INGLES YAN DAHIL YUN TALAGA ANG PINAKA GINAGAMIT NG LAHAT PERO CHINGCHONG? TANGINANYO.,0,0,TN
105,"can say the same thing about hinduism like putangina their icon, mahatma ganhdi is a sex offender tangina talaga nila",0,0,TN
106,kung 'di ka lang din naman bobo kita mong pinatatahimik ko kasi nga magvvr ako ta's ganiyan sasabihin mo kesyo magiging pipi na naman kayo kasi 'di kayo makakapagsalita???? putangina pwedeng manahimik kahit saglit na saglit lang???? kakabatrip amputa tanda mo na ganiyan ka pa rin,0,0,TN
107,Say no To USA Culture and its people And AlSO Avoid Protestant Church they are from USA We Must Hate Them Sunugin natin sa impyerno,0,0,TN
108,yall filipinos r monkeys i never wondered why most yall nurses here,0,0,TN
109,kala mo naman talaga totoo dyos nila hoy mga katoliko puro kahoy lang yan sinasamba nyo dyan tangina nyo nagiimbento ng sariling relihiyon,0,0,TN
110,anga Tignan mo BACKGROUND mo ang taba mo BOBO ka talaga no!,0,0,TN
111,"TANGINANYO ANONG SINASABI MO NA DI KA MAPPROTEKTAHAN NG MASK SA MASAMANG ESPIRITU? IKAW AY ISANG TANGA, PUTANGINA KA! MGA ALAGAD NI QUIBOLOY NA TANGA! PUTANGINANYO! BWISETT!",0,0,TN
112,Ok millennial? Nakakahiya ka talaga sa mga kapwa mo millennials typical peenoise,0,0,TN
113,Hoy USA mga gago kayo at mga protestant sira ulo lahat kayo i love catholic and russia and china bye usa bugok,0,0,TN
114,"anyan ang mga pastor na bulaan ngayon! Mukhang pera pa, pagpapayaman lang alam, pagpapagawa ng kapilya Ganyan sa Sabadista, katoliko, Born Again",0,0,TN
115,"Putang inang mga chekwa talaga. Not only are you spreading viruses, you‚Äôre walking cancers to society as well",0,0,TN
116,"Kinginamo ekis kana samin, nakuha mo inis naming lahat. Wala kang utang na loob, tinuring ka ng kaibigan nagawa mo pang manira behind our back. Ikaw yung literal na hipon sza, sinasabi ko sayo dami umapproved na hipon ka talaga. Ipit suso ka?stay ka lang jan sa shota mong cheater",0,0,TN
117,"""evangelical pastors"" ah yung lider ba ng mga kulto ang pakikinggan natin? Tangina niyo",0,0,TN
118,tAnginA? twelve years old may ex na? gago mga panahong yon nagbebenta lang ako ng pogs tas kakalabanin ko yung bumili eh.,0,0,TN
119,TANGINUH TALAGA NG GURANG NA TO WALA KONG PAKI KUNG ANG DAMI MO NG KINAIN NA BIGAS WHATSOEVER SANA MABULUNAN KA,0,0,TN
120,"Gurl hahaha may koneksyon tatay mo sa drug lord but lezz just keep that no? HAHAHAHA pakyu. Bata ka pa lang bitch ka na, manang mana sa nanay mo.",0,0,TN
121,"pakyu, mukha kang etits.",0,0,TN
122,Ay sa putang inamoka ang ingay ingay mo wala ka namang ambag sa inyo. Napakabobo putang inamo wala kang kwenta. Bobo ka muka kang aso na may galis bobo. Tang inamo palamunin bobo tanga tanga,0,0,TN
123,PUTANGINAMONG BADING KA SA KABILANG DEPARTMENT NA MINESSAGE PA KO DAHIL DI AKO NAGFOLLOW BACK! CANCER POST MONG ENTITLED GAY LLAMA KA! IBOBLOCK KITA RIGHT AFTER YOUR LAST DAY HERE!,0,0,TN
124,TANGINANG PANELIST HINDI MAKUNTENTO SA MGA GINAGAWA NAMIN SA THESIS!!!,1,1,TP
125,Y some Christians be like ‚ÄúYeah patayin them for they have sinned‚Äù But ‚ÄúLet those who have not sinned cast the first stone and if God can forgive why can‚Äôt we and who are we to judge‚Äù,0,0,TN
126,PAGBAKLA ka. below the belt na? HAHAHAH Tangina niyong mga LGBT e BAKLA ka naman talaga ah. HAHAHAGA,0,0,TN
127,putANGINA Mo POKPOK THE ACIDITY OF THIS BITCH TO LOOK CUTE WHILE WEARING NOTHING AT ALL,0,0,TN
128,puta bading si david,0,0,TN
129,kala mo bingi na di nadidinig lahat ng pinag babawal sarap tadyakan,0,0,TN
130,"TANGINA KA WALA DIN AKONG PAKIELAM SA GENERATION NIYO HA TANGINA IBA PANAHON NIYONG MGA BOBO BOOMER KUMPARA NGAYON, SABIHIN NALANG NATIN KAYA SOBRANG HIRAP NG BUHAY NGAYON DAHIL SA MGA KATARANTADUHAN NUNG LINTEK NIYONG GENERATION DAHIL NASIRA ANG JOB CULTURE DAHIL SA TANGINANG PANANAW NIYO SA BUHAY",0,0,TN
131,"ISA KA PA EDSEL SALVANA INUUNA MO RIN PULITIKA KAYSA PAGIGING DOKTOR, ""WE CONTAINED THIS"" MY ASS TAPOS ANGBILIS MAKAKUDA NG THIS SHOWS THE EFFECTS OF ECQ TANGINA MO DI NIYO NGA TINETEST LAHAT NG PUI/PUM TAPOS SASABIHIN NIYO UMEEPEKTO QUARANTINE NIYO MGA PUTANGINA",1,1,TP
132,"wala naman talaga pero may tanga ikaw bakla walang pinanganak na bobo mabagal lang pumickup o tamad lang mag aral pala desisyon ka sa buhay mo sana hindi kana magising",0,0,TN
133,PUTANGINA MO BOBO KA BA DIRECT QUOTES ARE BEST SOURCE FOR NEWS PUTANGINA MO BAKIT DI MO SABIHIN SA DUTERTE NA BIBIG NIYA PANG TABLOID BECAUSE HE IS A MOTHERFUCKING STUPID BOOMER WHO CAN'T PROVIDE SOLUTIONS FOR THE PEOPLE OF THIS COUNTRY PAKYU,0,0,TN
134,SARAP SAKSAKIN SA MATA NUNG MGA BULAG,0,0,TN
135,"Hindi ako pupunta sa Pasig, Malabon and Mandaluyong branches PUTANGINA KANG SIRAULO KANG MONGOLOID PILOT KA. KAYA TAPUSIN MO ANG PA-MAINTENANCE MO PUTANGINA MO. AT HINDI AKO ISANG CHEF AT HINDI RIN AKO MAGTATAYO NG COFFEE SHOP. MAS LALONG HINDI AKO MAGTATRABAHO NG LIBRE FOR YOU.",0,1,FP
136,CHINGCHONG NUMBAH WAHN EATER! MUKBANG PA MORE MGA TANGA,0,0,TN
137,TANGINA MO DUTERTE ANONG KLASENG SPEECH YUN PURO GASLIGHTING HARAPANG GAGUHAN AMPUTA TANGINA MO NAMAMATAY MGA TAO TAPOS NAPAKABANAYAD PA RIN AMPUTA,1,1,TP
138,Older millennials and their judgy personalities. Tangina.,0,0,TN
139,‚Äúbenta mo na sakin yung soot mong damit sa md mo‚Äù ulol pakyu ka maemae ang panget panget naman nga sayo nito aagawin mo,0,0,TN
140,La q pake kung matanda ka kingina mo. Makita lang kita ulit di aq papayag wala akong gawin sayong putang ina mo,0,0,TN
141,LAMBOT MO GAGO BINABAE KASI AMPUTA,0,0,TN
142,Feeling maganda ampota. Ang baho ng pekpek mo gago!,0,0,TN
143,youre so braindead ngl in other words in dota putangina mo ampota bobo mo bisaya ka,0,0,TN
144,Reyna bobo ka ulul pakyu masyado kang kampante tangina mo,1,0,FN
145,pinanganak kang bobo lalaki kang bobo mamamatay kang bobo,1,0,FN
146,ui neck deep pakinggan mo to pop punk posiposi manoverboard realfriends blablabla tangina muka kang jehova's witness na kumakatok sa pintuan,0,0,TN
147,Nakakahiya mga 35-44! Akala ko di kayo madadala ng fake news!! Nako nakakahiya kayo. We are millenials and naranasan na natin ang GMA presidency.,0,0,TN
148,hirap masangkot sa mga third party na issue potaena ako lagi una sinisisi kahit yung mga jowa naman nila yung may sabit umagang gaguhan ampota,1,1,TP
149,"ahahahaha ayan na sila wala daw dapat kulay, wag daw i-divide mga tao. KALA MO DI SILA NAG PAUSO NG DILAWAN AT CONSISTENTLY SOWING DIVISION? tapos ila-like ng mga ang boto ay ididikita ng kanilang relihiyon? tangina nyo mga boomer pakyu",0,0,TN
150,"Bisakol amputa"" pag nabobo ka pa alam mo na kung ano ka! -tamaan deads",0,0,TN
151,galit parin ako sa babaeng nagsabi na pick me girl daw ako kasi madaldal ako sa live chat pakyu sila,0,0,TN
152,"TANGINA MO EROS,KE BATA BATA MO PA KAWAWA NAMAN PALA TALAGA SI BEBE SKY NUNG TEENAGER KAYO‚Ä¶ü´†ü´†DESERVE MO KARMAHIN OKAY. ISA KA PA, ABISNAIL, NAMERLS, GRIPUHAN KITA JAN EH, PAKYU, ANG BOBO-BOBO N‚ÄôYO NAMAN‚ùì‚ùóÔ∏è‚ùì‚ùóÔ∏èü§®üòÆ‚Äçüí®ü§Ø",0,0,TN
153,kasalanan mo to dutite tangina mo ka gago ka PAKYU mukha kang betamax,0,1,FP
154,PUTANGINANG ANOTHER CULT NA EL SHADDAI GAGO ANG DAMI NYONG NASCAM PUTACA BRO ELI,0,0,TN
155,"lumang meme pero pare, WEEDS AMPUTA tangina ano ka 15 years old? gago.",0,0,TN
156,Ang Tao ay ginawang dalawang kasarian lamang pero bakit gusto ng iba na Maging bakla at tomboy. Puta LGBT community pa kayong nalalaman eh. Lalaki pa rin naman kayo. Mga nagmamaganda ampota.,0,0,TN
157,Ikaw bobo ang taba taba mo panget na bobo pa amf,0,0,TN
158,Third World Republicans are the worst. Basta Born-Again masama ugal,0,0,TN
159,alexa pwede mo naman ibenta yong pamangkin mo kay kd parang vic sotto at pauline luna lang yan more than ang age gap pucha kang babae ka alexa wala kana talagang delikadesa pati pamangkin mo binebenta mo gago,0,0,TN
160,yung reklamador na bakla na gaya mo dapat tumitigil na sa pag hinga ang perfect niyo masyado eh putang ina mo gago ka kung hirap ka sa buhay magtrabaho ka di yun asa mo sa pangulo bobo,0,0,TN
161,"putang ina bat ang hirap pumasok sa gobyerno tang ina mo duterte tapos yan si bam ui may pangakong aayusin ang unemployment wow sakto sa eleksyon mo naisip gawin yan henyo ka pala, isakang pantas.tang ina nyo",1,1,TP
162,KALA MO MAGANDA TANGINA AMPANGET MO GAGO! PAKYU KPOKPOK FANS.,0,0,TN
163,Tangina Ang ingay mo para kang badjao wala ka namang tambol HAHAHHAAHHAHA bobita,0,0,TN
164,naniniwala ka pa bang mababago mo ang isang babaerong kupal,0,0,TN
165,shout out sayo kuyang nambastos sa akin kaninaüòÅmamatay kana tanga kapag ako napuno sayo uuwi kang lumpo sa inyoüòä,0,0,TN
166,"NEGRO AMPUTA! Hahahaha. Bei wag kasi magpainosente kunwari, magmamadre ka ba?",0,0,TN
167,Naiirita ko sa itsura ng gaga. Kamukhang kamukha niya yung bully ko nung highschool. HAHAHAHAHA. Yung mukhang mabait at kalma pero demonyo.,0,0,TN
168,pakyu liam mukha kang paa ng manok,0,0,TN
169,umay puro bobo kamampi sa ML HAHAHAH UWIAN MGA STUDYANTE POTA MAG ASSIGNMENT KAYO!!!,1,1,TP
170,tatanda niyo na para pa rin kayong tanga tangina niyo,0,1,FP
171,may nagsabi sa akin ng ganito dati. ulol. pakyu kaya ayoko sa mga lalaki eh.,0,0,TN
172,partida bobo daw 90 ave di pa nagawa module ngek kadiri talitalinuhan ambahi naman ng mukha parang baboy literal legit talaga alam mo yung nag lalakad na baboy yung nag katawan tao ganon pero feeling mayaman pero walang laman bulsa engk,0,0,TN
173,may pa i decided to be a lesbian kapang nalalaman ulol wag kame niloloko ka lang ng mga lalake kasalanan mo din yan.,0,0,TN
174,matangkad lang naman ‚Äòyon at malaki ang katawan. pangit naman at bobo rin. bagay naman siguro sila. mga bobo,0,0,TN
175,"it's always the peenoise...... do not fucking speak over muslims üò≠ kung ako sayo, manahimik ka nalang",0,0,TN
176,"TANGINA NG MANAGER NAMIN, HINDI MARUNONG MAG-MANAGE",1,1,TP
177,"U attack me through online and then U block , baklang bakla lng yarn? takot mabweltahan amputa hahahahaha",0,0,TN
178,pakyu kayong mga minors kayo yung tipong mamatay ka na lang tanga ka ,0,0,TN
179,"Ano kaya nararamdaman ng mga üê∏üê∏üê∏ ngayon??? Bulag at bingi pa din ba? Tanga-tangahan pa din?? Ito, üí£üí£ itali sa self at pasabugin nyo!!",0,0,TN
180,FUCK JUST FUCKING GO BACK TO UR COUNTRIES YALL MUSLIMS IDONT FUCKING CARE KUNG DINIDILAAN NYO BA YANG MUHAMAD WHATSOEVER JUST GO DAMN TERRORISTS,0,0,TN
181,PUTANGINA HINDI DAW TAYO MALILIGTAS SILANG MGA IGLESIA LANG DAW TANGINAAAAA ANG CREEPY TALAGA NYA SINABIHAN KO NALANG SYA NA HINDI NGA AKO NAG SISIMBA SA KATOLIKO TAPOS AAKAYIN MO PA AKO!!! PAKYU KA! NEVER EVER NA MAG PAPAGUPIT SAYO,0,0,TN
182,Why do this so called adults hate on millennials like us eh PUTANGINA NAGING BATA DIN NAMAN KAYO BOBOBO NIYO TUMATANDANG PAURONG,0,0,TN
183,"TANGINA NAKAKALUNGKOT TALAGA PAKYU NUNG MATANDA NA NAGSABI NA MASELAN DAHIL SA MGA TAONG TULAD NIYO MAS DUMADAMI MGA MANYAK. NAKAKATAKAS SILA SA KAGAGUHAN NILA KASE ""maSeLan LanG"" BWISEEETT",0,0,TN
184,Fuckyut ang potah! Ampanget naman puro noong ngipin tapos ang ilong parang bahay ng sangkilong kulangot! Hoy palitan mo profile pakyu mo walang says kakasuka!,0,0,TN
185,FUCK ALLAH FUCK MUSLIMS PUTANGINA NYONG MGA NAMUMUGOT NG ULO,0,0,TN
186,spoiled brat tong PIPI na si Abby! Nakakaleche! sarap tadyakan. lols ,0,0,TN
187,fuck yall INC!! mga nag-imbento ng sarili nilang relihiyon go to hell,0,0,TN
188,PAKYU MUKHA KANG NINJA TURTLE,0,0,TN
189,tangina badtrip ah dinadale ko ng mga iglesia ampukinanginanyo,0,0,TN
190,Puro raw ako kill e mas mataas pa turret damage ko sa kaniya kahit physical attacker siya MALUNOD KA SA BAHA PUTANGINA MO,1,1,TP
191,ANONG DI NYO MAGETS SA KAILANGAN NGA MAGRENT PARA MAGKAPWESTO DITO? TANGINA MO RIN MAYOR KASI KINUKUNSITI MO YANG MGA MUSLIM NA YAN KAYA ANG TATAPANG PUTANGINA NYO,0,0,TN
192,sakanila mababaw yun pero potangna huh. Teenager ako tapos ganun ako kausapin nung lalaking yun? Pakyu ba.,0,0,TN
193,TANGINA MO BADJAO GUNGGONG PAKYU IMPAKTA ULOL KA GAGO,0,0,TN
194,Mahal kita kaht dka ganon kaganda. #GasgasNaYanBro pakyu mga lalaki mhilig sa mganda. Mga ulol!! üòÅüòÅüòÅ ./.,0,0,TN
195,"TANGINA NUNG MGA EMPLEYADO NG OPISINA NAMIN NA NAGYOYOSI SA ""NO SMOKING"" AREA! KAYO PA MAY GANA MAGALIT KAPAG PINAGSABIHAN KAYONG MGA GAGO KAYO!",1,1,TP
196,Mamatay sana pamilya niyo puta kayo,1,1,TP
197,minsan gusto ko banatan ung mga madre tapos bigyan ko ng sintas ni inggo,0,0,TN
198,Pogi ka nman tlga pandak at mukhang aeta nga lng,0,0,TN
199,napaka-entitled naman netong baby boomer na 'to di porket 20 years older ka sa nagbebenta eh pwede mong sabihan ng mga ganyan amputa kasalanan mong may cheese yung pagkain mo dahil may katawag ka habang nag-oorder pinahiya pa yung nagbebenta tangina pay attention kasi???,0,0,TN
200,NAKAKAUMAY YUNG MGA KAMAG-ANAK NA KUNG MAKASILIP SA MGA BAGONG GAMIT MO AKALA MO INUTANG MO SAKANILA KAHIT BINILI MO NAMAN YON GALING SA PERANG SINAHOD AT PINAGHIRAPAN MO. TANGINA LANG ANG KAKAPAL NG MUKHA MAGPARINIG ONLINE NA AKALA MO DAPAT MERON DIN SILA PAG MAY BINIBILI KA PARA SA SARILI MO AT SA PAMILYA MO!,1,1,TP
201, feeling niyo pag mabait kayo pupunta kayo sa langit? haha mga gago kung INC ka or katoliko ka or muslim or Born again mga sira ulo mali mali lahat ng akala niyo akala niyo ata mababait kayo kapag pumili kayo ng presidenteng mabait haha.. mga tanga,0,0,TN
202,PUTANGINA NG KABATAANG PINOY NA NAGHIHIMAGSIK DAHIL DI NA REQUIRED ANG FIL SUBJECT SA COLLEGE! NAKAKASUKA ANG PAGKA IPOKRITO NIYO,0,0,TN
203,ayoko na mag fb tanginang yan mga babae pa nanghihingi ng link amputcha bobo ba kayo o bobo kayo? minor yan tas pinag p pyestahan nyo tangina,0,0,TN
204,TANGINA MO ANG TABA MO TAS FEELING MAGANDA PA,0,0,TN
205,Kadiri cookies Ng mga Indian na to,0,0,TN
206,i dont have boy bestfriends kasi mga tarantado sila and kadiri nagpapalakihan sila ng tite sa comfort room tapos porke kpop stan bakla na agad,0,0,TN
207,Arcan Ville putangina mo mamatay ka na ulol dba gusto mo mga mamatay yng mga katoliko mamatay ka na pag di ka mamatay ako papatay sayo Ulol,0,0,TN
208,Mas dugyot po mukha at utak mo. Kadiri. Utak talangka and self proclaimed wRitEr pero simple subject verb agreement bobo naman. ,0,0,TN
209,Raisa tanda pakiusap sana pra my maiambag ka naman katahimikan ng pinas manahimik kna ng tuluyan.npa ka bobo mo at ulyanin na mgbigti kna.,0,0,TN
210,TANGINAAA RIGHT NOW I CANT SEE MYSELF BEING PAIRED WITH ANYONE ELS JUSKO NAMAN GURL BALAK MO BA KAMI PATAYIN NG SABAY SABAY AJCJEKEKKCJSJAKAJAJJAQJSJ,1,0,FN
211,TANGINA YUNG MGA HINDU MGA INDIANO YUN DIBA? KAYA PALA AMBABAHO AMPUTA,0,0,TN
212,TANGINA MO DUTERTE NILAGAY MONG TAGA IMBESTIGA SA MGA MARCOS ISANG ALIPORES NILA EH DI MALAMANG ABSWELTO YUNG MGA YUN,1,1,TP
213,tumawa pa ang mukhang negra! dahil nalaglag ako sa hagdan! sarap mo ring sabunutan e!  ,0,0,TN
214,Ang yabang talaga ng Nognog kong Kuya. Kala mo naman may maipagmamalaki. Sarap sapakin e,0,0,TN
215,Pinagsasabe nyang unggoy na Quiboloy na yan?? Sino ba yan? Tangina ang panget at ang asim naman ng pagmumukha tangina‚Äã bobo ampota!!,0,0,TN
216,"AT TATANONG KA PA KUNG ""GANDA KA BA?"" OO GAGO MAGANDA KO PAKYU MUKHA KANG BURAT. Good morning sayo kinangina mo.",0,0,TN
217,nakakadiri talaga kayong mga putangina niyong nambabastos ng babae,0,0,TN
218,may valid id na ako sa wakas pero pucha di ko maverify gcash ko kasi ang lala ng nginig ng kamay ni bakla,0,0,TN
219,ano naman ngayon kung nagja jacket ako kahit mainit? ikaw nga tanda tanda mo na naka baby bra kapa den ulol,0,0,TN
220,"tangina lang yung mga babaeng manloloko. paano niyo nagagawang saktan ang mga lalaki? dahil sinasaktan din kayo, tayo? GROW UP PLS",0,0,TN
221,sobrang landi nitong bagong loveteam mo ang dami lalaki punyeta sana pagkatapos ng project niyong dalawa ipartner ka na sa iba seth mas malandi pa yan kay andrea promise,1,0,FN
222,TANGINA LAHAT NG MGA STRAIGHT DYAN!! ANG PAPANGIT NIYO TALO ANG PHILIPPINES,0,0,TN
223,KAKAHIYA MAGING PINOY!PINAMUMUGARAN NG MGA MAGNANAKAW AT MGA BOBO POLITICO,0,0,TN
224,abm for millennials? eh kung pasabugin ko bungo mo ng maranasan mo mag abm!!,0,0,TN
225,Yang kabobohan mo wala lugar yan. Kung ako sayo mag dota ka nalang. Ayy teka di din pwede dota sa bobo. Matulog ka nalang. Di ka pa tubuan ng tigyawat.,0,1,FP
226, nognog naman kase talaga yun eh kadiri baho baho pa nun hays,0,0,TN
227,putangina sinabing tama na kakabigay ng boyfriend kay baby girl eh!!!! Bading yan kita niyo BADING BAKLA BADING BADING BAKLA,0,0,TN
228,Hanapin mong tanga ka! Born again ka pang nalalaman?! Hoy kulto ka ni dugong! Hayup na to Sarap mo murahin tanga!,0,0,TN
229,Anong name ng siraulo at may mental disorder na nagpadala ng mga buang na mura ng mura tuwing madaling araw sa paligid ko? Para alam ko kung sinong ipapadala ko sa impyerno ng maaga. NAKAKAINIS AT NAKAKABWISET EH. NANANAHIMIK AKO TAPOS MURA NG MURA? DINEDEMONYO MO BA ANG UTAK KO?,0,0,TN
230,fuck shit buddha is gay,0,0,TN
231,"PUTANGINA NAKAKASUKA KANG BABAE KA! MAWALANG GALANG NA, PERO MAY MGA KAIBIGAN AKONG MUSLIM PERO HNDI KTLAD MO!",0,0,TN
232,mga salot sa lipunan talaga mga taong nagre- resell ng tickets for an abnormal price gago taking advantage of fans‚Äô desperation talaga bwisit,1,1,TP
233,Hoy tanga waray badjao manahimik ka ita ka negrita ulol ka n nmn,0,0,TN
234,PUTCHA!! Gusto mo talaga gaguhan ahh!! Ibibigay ko sa'yo yan! TANGA!!,1,1,TP
235,PUTANGINA TALAGA AMPUTA GINUPIT NG TITA KO YUNG MGA PHOTOCARD KO PARA DAW MAG KASYA SA LALAGYANAN NANG GIGIGIL AKO PIGILAN NYOKO MAKAKAPATAY AKO NG TAO MGA PHOTOCARDS KO PA TALAGA PINAG TRIPAN EH TANGINA,1,1,TP
236,Ulol bahala ka jan tanginaka bobo pakyu bobo ka inutil kupal,1,1,TP
237,DEMONYO KANG IMPAKTO KA NAGBABAHAY-BAHAYAN KANG PUTANG INA MO TARANTADO KA HAYOP,1,1,TP
238,"and who are you to speak for her monita cringey dn? no one deserves to hated except jn? then by using your fckass logic your fave deserved every hate she receives too? its always a filo fckass mindset, kaya hindi umuusad pinas dahil sa mindset na ganito ang bobo lang",0,0,TN
239,puta ka di mo ba alam meaning ng bisexual di porket nag sa lalake straight na di rin porket may type na sa lalaki straight na punyeta,0,0,TN
240,"may mag mamahal pa pala sayo kahit ang taba, bobo, at ang pangit mo",0,0,TN
241,"tangina ng mga straight amp0ta kahit music taste,,, basura amp0ta ",0,0,TN
242,Sarap patayin nung mga negro eh.. Kawawa tuloy yng lalake :(( di kase lumaban.,0,0,TN
243,MUKHA KANG IGOROT SUPOT KA PA ATA EH KADIRI KA MUKHA KANG MAY AIDS,0,0,TN
244,Sasabihin na ni negro totoo epal ka naman Lyndon!!! Kupal ka talaga!!! Tangna sana ikaw nalang namatay!!!!utang na loob mo tangna mo!!!,0,0,TN
245,Barry abogagong bobo! Mas masahol pa to sa post mo! Kawawa talaga si lutang lenie latang lata na sa twitter. Abogago hindi ka ba naawa sa kanya. Pag binanatan mo ang goberno ang babalikan si Lutang LenieüòÅ,1,1,TP
246,TANGINA SARAP ISALVAGE NITONG MGA MAINLANDER NA ITO SABAY TAPON SA ILOG KINGINA NIYO OVERPOPULATED NA NGA ITONG LINTIK NA BANSA NA ITO DADAGDAG PA KAYO,0,0,TN
247,Ulol pakyu isipin mo mga ginagawa ng lalaki satin kailangan din. Natin gumanti tigirl,0,0,TN
248,Chingchong pa! Magpapasok pa kayo sa bansa. Baka kulang pa. Mga tanga!,0,0,TN
249,yung mga kumakahol dyan mga Muslim naman kayo kaya manahimik na Lang Kayo,0,0,TN
250,Nakakahiya naman sainyo millenials. saksak nyo s baga nyo yang punyetang #BTS n yan. KPOPampam,0,0,TN
251,NAKAKAIRITA NA YUNG TONO NG PAGTATANONG NILA SA KUNG ANO PINAGKAKAABALAHAN KO NGAYON PARANG MAY JUDGEMENT! TANG INA LANG NG BABY BOOMER NA YUN REEEEEEE,0,0,TN
252,"TANGINA NG MGA STRAIGHT NA BIDA BIDA DAHIL KATATAPOS LANG NG PRIDE MARCH!!!!! FEELING NIYO KINAGANDA NIYO YANG PRIVILEGE NIYO???? TANGINA NIYO MGA KAPIT MATATAG!!!!! KUNG MATAPANG TALAGA KAYO, WAG NIYONG GAMITING YANG STRAIGHT PRIVILEGES NIYO TANGINA",0,0,TN
253,tanga di ka buddhist pero kamukha mo si buddha üòÇ,0,0,TN
254,"Ikaw putang Ina mo musk, Zuckerberg din ugali mong putang Ina mong americano ka. Ikaw na atheist makikialam sa christian prophecy? Putang Ina mo ULOL!",0,0,TN
255,tangina ng mga konserbatibong katoliko talaga di na nga nagbabayad ng buwis simbahan nyo ampotangena andami pang kagaguhan,0,0,TN
256,mga gago na imbes na hatakin pataas tinutulak pababa mga kupal na filipino tangina ang bobobo yung bts mga bakla yang mga kupal nayan eh yung pinag iisuehan niyo? bakla mga idiot na filipino mga putangina nyo fans ng bts gago!! tanggapin nyo na bakla tangina nyo idiot!!,0,0,TN
257,"SA MGA MATATANDA DIYAN NA NAGSASABI NA ""HINDI PA BOTANTE PERO KUDA NG KUDA"" PASENSYA NA HO PERO PUTANGINA. MAY PAKE HO KAMI SA KINABUKASAN NAMIN PALIBHASA KAYO MAWAWALA NA SA MUNDO KAYA GANYAN KAYO MAGSALITA. ANG TAGAL NIYO NANG BUHAY SA MUNDO PERO ANG TATANGA NIYO.",0,0,TN
258,PUTANGINA NITONG SENIORS NA TO PARA KAYONG MGA BATA NA NAGKUKUMAHOG SA DEADLINE TANGINA PROFESSIONAL TAWAG NIYO SA SARILI NIYO? ILANG BUWAN NA YUNG PROJECT TAPOS SA TUESDAY DAW YUNG DEADLINE. TANGINA NIYO! KUNG SA TINGIN NIYO TAMAD AKO BOBO LANG KAYO AT HYPER INEFFICIENT LANG KAYO PWEH!,0,0,TN
259,Yung gusto mo rin irant sa fb yung transpo shit sa pinas pero tangina kasi ng mga baby boomer sa fb dapat talaga gawan sila ng sariling platform e yung sila lang makakakita üòÇüòÇ,0,0,TN
260,ULUL TANGINA MO PAKYU KANG MATANDA KA GAGO üñï ,0,0,TN
261,MEN ARE FUCKING TRASH. KAHIT LALAKI AKO AMP TANGINA TALAGA NG MGA MANLOLOKO NANGGIGIGIL AKO PANGIT PANGIT NAMAN,0,0,TN
262,Nagreact ako sa isang fb post tungkol ke Taberna. Kinuyog ako ng nga alagad ng sekta INC hehe. Nagkandatae ang mga demonyo!,0,0,TN
263,Sobra yabang sis aywan ko diyan nag born again ba ugali akala naging fiscal sabi nila diploma galing sa recto,0,0,TN
264,MGA PUTRAGIS ITO PA DUMAGDAG PA 'TONG SI PLDT LECHE WALANG INTERNET HAYUP TALAGA WALA NA NGA TUBIG WALA PANG INTERNET HAY NAKO AM I LIVING IN 2019 OR 1919,1,1,TP
265,ok rant ahead dito ako maglalabas ng sama ng loob kasi kumukulo talaga dugo ko putangina niya putangina ng mga lalaki pakyu ulol saan ba kayo pinaglihi basic human decency hindi niyo magawa gawa,0,1,FP
266,"maputi lang daw ako, ulol maitim ka lang",0,0,TN
267,Badjao ka nga tapos sunod kapa sa hype ng nba tangina wala na pinis na ubos na pinalimos mo sa jeep. Hmmm.,0,0,TN
268,Tanginang mga arabo to. Sarap pag tatadyakan. Sarap ngudngud sa sahig tangina.,0,0,TN
269,parang ang pangit namang tingnan kapag same sex couple nag-adapt ng bata? like im not a homophobe ok dont attack me i support lgbt but srsly? ang pangit na nanormalize sya sa mga bata,0,0,TN
270,gago kahit ano namang gawin natin kung ijujudge nila tayo ijujudge nila tayo. pakyu kayong mga lalaki.,0,0,TN
271,"TBH, ang pangit mo talaga, ang sama pa nang ugali mo, ang taba mo at higit sa lahat ang bobo mo",0,0,TN
272,POTA TALAGA DLSU LALO NA SA PROF KO NA BIGAY NG BIGAY NG TRABAHO KASI YOON ANG INIISIP NIYANG KATUMBAS NG PUTANGINANG ONLINE LEARNING NA YAN DI MAN LANG MAG-EFFORT NA MAGDISCUSS NA LANG KAHIT THROUGH LECTURE NOTES PERO HINDI ANG EXCUSE NIYA KAYA BIGAY NG BIGAY NG TRABAHO PARA DAW MA-ENSURE NA MAY MATUTUNAN KAMI DEPUTA ITO NA PALA 80K TUITION KO THIS TERM,1,1,TP
273,bobo kasi karamihan ng pinoy thats it,0,0,TN
274,tanga huwag kang tatalon mataba ka tatalbog ka lang,0,0,TN
275,tara lets learn korean ü§©ching chink chong cheengg hooa lao shink chink brea andong seng la he la yo ara ara tangina mo lintik kayo tangina nyo,0,0,TN
276,TANGINA MANINIWALA LANG AKO SA MGA REBULTO NYO KAPAG LUMABAN YAN KAPAG BINASAG KO PUTANGINA NYO MGA IPOKRITONG KATOLIKO,0,0,TN
277,Ulol tang ina mo kau ang mamatay kau ang dapat mapunta sa impyerno mga iglesia Gago,0,0,TN
278,yung lalaking tanga na kasama nila nakikinig ata sa conversation namin and he thought na yung word na madaming matakaw ay para sa kanila,0,0,TN
279,INC talga ang mga salot at pahirap sa Pilipinas. Di tayo lulubog kng di sila elect ng elect ng mga kampon ng demonyo. Pesteng kulto tlga yan!,0,0,TN
280,TANGINA! LAGI NALANG NADADAMAY YUNG LAG LILINGKOD KO AH? TSK PAKITANG TAO? NAKAKA PUNYETA TALAGA MGA PINAG SASBI MK EH NOH PALIBHASA MUSLIM MUSLIMAN MA KAYA KA GANYAN,0,0,TN
281,Sarap mo talaga suntukin inayupak ka!!!!pati pag tulog ng lunch babawalan mo kami..kung sa pinas ka lang lumpo kana!!my araw ka din!!!!!,0,0,TN
282,PUKING INA KA AKALA MO NAMAN ANG GWAPO MONG TOMBOY GAGO ANG PANGET AT ASIM MOüëπüëπüëπüëπ,0,0,TN
283,Punta ka pa sa parteng Divisoria daming mga baboy na bisaya at muslim. payabangan pa sila tapos ang bababoy. mga bastos at patapangan pa sila. Mga taga parola baseco. Papangit pa ng ichura mga bobong tanga na mangmang sobrang dami.,0,0,TN
284,Proud cheater kapa ang papangit naman ng mga nilalandi mo HAHAHAHA jusq.,0,1,FP
285,"INC, religion ng mga inutil. Leave that ckufing church and live a better life.",0,0,TN
286,tanginang matching yan codm ikakampi mga tanga tapos kalaban chingchong pota,0,0,TN
287,"Ayusin mo yang paggrade mong hayop ka, mukha kang tite, isa kang hindot. Burikat kang hinayupak ka, tarantado, walang modo, balbal, inutil, hayop. WAG KA NA MAGTURO KUNG ANG LALABAS SA QUIZ MO DI MO TINURO. MAHIYA KA SA KAPUKIPUKIHAN NG INAAAAMOOO.",0,0,TN
288,Hindi na dapat to ineexplain eh! Nakakapagtaka lng dapat kasi alam na natin to. It just shows na bobo lng tlga ang mga pinoy or di kaya masyadong nasanay sa pagiging palamunin kaya na-butthurt?!,0,0,TN
289,"tangina lahat ng groupwork ko, may kaaway akong lalake üò´ nO cause why tf r yall both stupid and fucking uselessss",0,0,TN
290,pag nakakakita tlaga ako ng negra naalala ko yung wrestling. puta sarap patayin ni negneg haha,0,0,TN
291,everybody say 'putangina mo china',0,0,TN
292,Sana magkahiv yung pwet mong malanding bakla ew,0,0,TN
293,"RAMING ALAM NG MGA KATOLIKO TANGINA RAPIST NAMAN YANG MGA NASA ITAAS NINYO. SHUT YOUR DAMN MOUTH, AND DONT ACT AS IF YOURE HOLY AT ALL KASI HINDI. MABABANTOT KAYO, MAS MASAHOL PA SA ASO!!!",0,0,TN
294,"Tanginang mga against yan sa lgbt+ community, HAHAHAHAHHAHA mukhang mga libag. Gago.",0,0,TN
295,"God created Adam and Eve, not Adam and Steve. Bobo lang ang tataliwas sa salita ng Diyos. Isang malalking kalokohan ang LGBT community",0,0,TN
296,tangina nkakadiri talaga mga bakla kayang-kaya makipagpatayan para sa chupa,0,0,TN
297,tangina hanggang ngayon isip bata ka parin tsk tsk kawawang nilalang,0,0,TN
298,mas ULOL ka! GAGO! SALOT kalang sa LIPUNAN TANDA! PAKYU! SHET KA! GO TO HELL YO BITCH!,0,0,TN
299,pakyu bata patayin kita realquick,0,0,TN
300,Kunwari kakampi sya ni Madumb. Pero nakaabang lang din yan. Palibhasa hindi makaporma sa Babaeng Ahas. ,0,0,TN
301,Kawawa naman yung mga pulis na pinatay sa maguindanao tangina ng mga muslim na pumatay pakyu!,0,0,TN
302,galit ako sobra what the fuck putangina hindi kasalanan ng babae na narape sila dahil sa damit putangina nasasaktan ako para sa kaniya,0,1,FP
303,MOTHER THERESA IS A BITCH NAPAKAPUTANGINA NG ROMAN CATHOLIC CHURCH AS THEY GET AWAY WITH THEIR SINS DEVILS,0,0,TN
304,Tangina nyo mamamatay din lahat ng baby boomers,0,0,TN
305,this black guy doesn‚Äôt know how to fight tanga bobo amputa bakla,0,0,TN
306,sorry but bwiset pa din ako sa bibili bili ng ticket tapos di naman manunuod tapos ibebenta sa higher price like wtf dati hindi ganito sa kworld juskolord ok but lets move on,1,1,TP
307,badjaw sana ang sperm na mabigay sayo :P para badjaw mga anak mo. Igorot. Ew.,0,0,TN
308,tangina pasalamat yung bakla na yun medyo matanda na nanay nya kung hindi baka di na lumaki yun,0,0,TN
309,Hoy haba ng baba pinaglihi sa ruler,0,0,TN
310,Ganda ka ganda ka?  Ulol mukha ka ngang bombay ehüòÇüòùpakyu ka oi,0,0,TN
311,I can‚Äôt sleep because of the kidnapping vid huhuhu if the rumors about the kidnappers being Chinese are true then putangina talaga ng mga gagong intsik ang salot sa mundo huhuhuhu,0,0,TN
312,tangina talaga ng mga insecure na lalaki,0,0,TN
313,lapit na maubos pasensya ko gugulpihin na talaga kitang bata ka wala akong tinutulong napaka kupal pa ng ugali mo tangina ka talaga,0,0,TN
314,PAKYU MGA BOOMERS NEW GENERATION NANI HAHAHAHAHAHAHA,0,0,TN
315,wala kang karapatan para sabihan ako ng malandi gago pakyu mas malandi ka pa sakin ulol tanda mo na ganyan ka pa putangina mo ./.,0,0,TN
316,PUTANG INA NIYO MGA BUMOTO PARA KAY DUTERTE.,1,1,TP
317,"Im telling everyone this now, alter accounts are not welcome here. I can't stand getting sexually harassed by cis gay men. tangina ilagay nyo naman sa lugar mga kabaklaan nyo jusko po, hindi lahat komportable sa mga ganyan.",0,0,TN
318,SCREW MANILA DRIVERS. 3 LANES NA NGA GINAGAWA NYO PANG 5. LALO TULOY LUMALALA TRAFFIC!,1,1,TP
319,gago! balita ko ang taba mo sa personal ahhh???!!?!!?!?! tangina poser,0,0,TN
320,Tangina mo kang tito ka wala kang kwenta bobo,1,1,TP
321,"Kadiri ka!!!!!! Duwag ka!!!! Kapal ng mukha mo to run for Presidency! Ano ba ang edge mo??? Bobo na lider, na may bobo na supporters.",1,1,TP
322,Mayroon bang maganda na pabebe? Ulol. Maganda ka lang sa panglabas. Actually hindi rin pala. Maputi ka lang kingina mo,0,0,TN
323,Ang taba na nga ng mukha mo ang taba oa ng utak mo -_- kabobohan mo bobo mo te! Isa kang alamat haha,0,0,TN
324,TANG INA MO MAITIM NA POKPOK NA DINO USER KO GAGO,0,0,TN
325,tangina ano nangyari sa mga pari dito? bakit naging sugo ni leni lutangina? puchang mga leftists kampon ni satanas hahahaha ,0,0,TN
326,"Umay sa auto lock deadlock sa compe,, ginawang pampractice amp bobo",1,1,TP
327,PUTANGINA PILIPINAS putangina din ng mga bobong katoliko tangina niyong lahat,0,0,TN
328,SHUTANGINAMO FELIX MANALO LUBOG NA NGA PILIPINAS GUMAWA KA PANG KULTO PUTANGINA NYONG INC MGA HUNGHANG KAYO,0,0,TN
329,Feeling entitled kaloka bakla matanda kana mamamatay kana tangina mo,0,0,TN
330,"Putang-inang INUTIL na yan, makakarma yang hayop na matandang salot na yan",0,0,TN
331,"Hahahah! Tanga ka? Ikaw dapat ang pinapain sa mga NPA nang magtanda eh. Ang tanda mo na, ang taba mo pa, pero bobo ka! Naturingan ka pang abugado sa lagay na yan ha, Ferdinand Topacio! Lol",0,0,TN
332,iba talaga mga lalaking nakilala tuwing march mga tarantado,0,0,TN
333,hahaha tangina niyo skunky pa ang nais ni negro amputa hahaha ,0,0,TN
334,tangina talaga ng mga straight men na nanggagamit ng mga gays 'no putangina does that complete your masculinity PWE,0,0,TN
335,kingina yung tagyawat nung matanda sa loob ng ilong tas sa likod ng tenga ano ga yun.,0,0,TN
336,Para sayo pagnanasaan ko pa lahat ng mga anak mo kahit yung pinakabata,0,0,TN
337,what u say don't matter because ur a bisaya.. Eeewww.. Kadiri!!!,0,0,TN
338,who's gonna tell them that those woods wont save them? poor catholics tangina nyo mga pedophile ,0,0,TN
339,Bobo ka hindi lng sya ang may lapses. Utak talangka bobo.,1,1,TP
340,bobo ka pls lumayo kang muslim ka terorista kayo tangina nyo mamatay na kayo ,0,0,TN
341,WALA KANG KWENTA INUTIL KA BOBO MANGMANG TANGA KAHIHIYAN UNGAS PUTANGINA MO GAGO BASURA,1,1,TP
342,"Gago wag mo ko idamay sa kagaguhan mo. Di ako bobo kagaya mo. Puro ka lang naman suso, eh iniipit mo lang naman yan.",0,0,TN
343,TANGINANG MGA BOOMER NA MALALAMAN PA KAYONG MAARTE ANG MILLENIAL ULOOOOOOL PRIORITY NAMIN PHYSICAL AND MENTAL HEALTH NAMIN,0,0,TN
344,"Oo beh, ikaw na bobita! Saan mo nakukuha lakas ng loob mo magreact eh mas kareact react nga yang pagkabobo sa acads man o sa ibang bagay. Napakaepal mo ang panget naman ng ugali mo bobo ka pa!",0,0,TN
345,DAPAT YAN YUNG MGA PINAPATAMAAN NG BALA SA ULO EH! KADIRI KA BICOLANO KA PA MAN DIN BOBO!!!!,0,0,TN
346,"Tarantado talaga itong mga Katoliko, putangina. Bakit may All Souls‚Äô Day saka All Saints‚Äô Day. ‚ÄòDi natin alam ang mga santo sino ‚Äòyang mga gago na yan, mga lasengg",0,0,TN
347,Tangina panget ng mga kakampi talaga sa epic pag new season. Kahit anong adjust pota ang babano hayop ayaw pa magbigayan. Umay ls gagoooo!!!!!,1,1,TP
348,tarantado anong madaming babae saan galing yan,0,0,TN
349,"this app is really on self-destruct jusko may tweet visibility limit na nga, di pa maka-load ng videos? elon kingina anuna ",1,1,TP
350,"KADIRI KA PUKING INA MO,NAPAKA GALAWANG TOMBOY MO NAKAKADIRI KA ARGHHHH PUKING INA",0,0,TN
351,tangina ng babaeng to punyeta ang puta pasukan ko ng isang kilong asin yang puke mo gusto mo,0,0,TN
352,"Ako ang nawawalang nanay ni D HAHAHAHA bat ako maggoogle di naman ako bobo kagaya mo. Tahol ka lang diyan, aw aw aw aw aw! Sabi ng broken hearted ü§£",1,0,FN
353,ulol!! demokrasya angal nyo nag karoon ng eleksyon natalo si lutang! Popular? bobo,1,1,TP
354,porket anak ng diyos ang puta masyadong mayabang ulol,0,0,TN
355,Tangina talaga ng mga tomboy kung makaasta akala mo tunay na lalaki,0,0,TN
356,"Ayoko sa mag complain pero tangina ng mga straight lolz, stfu ang papanget nyo na nga sa itsura pati ba naman sa personality ew",0,0,TN
357,e ulol ka pala. kaya hindi marespeto yan iglesia na yan e. puro extravagance lang ang alam ng tanginang relihiyon niyo,0,0,TN
358,tanginang mga bayot to nitrashtalk kaibigan ko porket straight tapos di suot ung lgbt cards ng valo mga bobo mga tanga,0,0,TN
359,"PARA MADALIAN NA LANG, ISANG INTER-DIMENSIONAL ""TANGINA NIYO HINYUPAK MGA INUTIL NA HANGAL NA LAPASTANGANG HALANG ANG KALULUWA"" SA ADMINISTRASYONG DUTERTE, HARAPANG GAGUHAN, HARAPANG KAWALANGHIYAAN, MANGMANG AT TRAYDOR SA BAYAN NA LANG ANG SUMUSUPORTA PA SA KATARANTADUHANG ADMIN NA ITO",1,1,TP
360,TANG INA NYO MGA BOBONG IGLESIA NI CRISTO MGA ULOL,0,0,TN
361,"hard stuck sa plat pota playsafe naman ako kaso mga kakampi, may chingchong, may vietnamese, may bobo may tanga at higit sa lahat may putangina",0,0,TN
362,putanginamo din bakla ka. pinatawag lang si vice ganda ng mtrcb. ganyan na lumalabas sa utak mo. pinagbigyan na nga kayo tanggapin ng lipunan ang gusto nyo special pa kayo. pati nga cr ng mall nag adjust na sa inyo. dapat nga bawal kayo sa mundo eh.,0,0,TN
363,"ANOTHER ASONG ULOL NA NAGTATAGO S LIKOD NG SIMBAHAN!!! IKAW ANG DYABLO!!! LEAVE THE PRESIDENT ALONE!!!! WALA KANG ALAM KUNDI MANG MOLESTYA NA KINUKUNSINTI NG SIMBAHAN!!!! SA TOTOO LNG KATOLIKO LNG NAKIKIALAM SA POLITIKA, NAKAKAHIYA KAYO NKKWALANG GANA PWEEE",0,0,TN
364,why cheat when you can just leave tangina wala talagang kwenta mga lalake pakyu ol,0,0,TN
365,Pota ng mga babae na kala nila makukuha nila lahat ng lalaki na gusto nila mga ulol pakyu.,0,0,TN
366,"Wag tayo dyan MUSLIM yan, baka mamaya TERORISTA yan.",0,0,TN
367,MPL PH ang may pinaka pangit na Production Sa lahat Period! Tangina! Bash me if you want but i said what i said ,1,1,TP
368,Bingi mo always sarap mong sapakin,0,0,TN
369,PUTANG INANG SM PRESTIGE CARD YAN! DISCRIMINATION SI GAGO. NAIINTINDIHAN KO ANG ETC KASI IYON NA AVAIL NG LAHAT FOR A SPECIAL PRICE PERO UNG SM PRESTIGE HINDI!,1,1,TP
370,"BOBONG MGA INC WALA KAYONG SARILING UTAK PATI IBOBOTO, ISUSUNOD NYO SA SINABI NG LEADER NYO MGA MANGMANG BOBO PUTACA BRO ELI",0,0,TN
371,sumbong kita sa mama ko pakyu kang matanda ka badtrip,0,0,TN
372,us2 ko lang sabihin na tangina nung bubwit na kumain ng tinapay ko huhu pakyu brad,0,0,TN
373,Bat di ka nalang bumalik sa diyos para patayin ka? Christianity is a joke,0,0,TN
374,Fuck El Shaddai for still allowing it's people to gather and worship despite the pandemic. tangina niyo. My uncle is not replaceable.,0,0,TN
375,"eto ang klase ng lalake na sarap sapakin, sarap basagin yung bungo. walang kwenta amputa",0,0,TN
376,TANGINA MO KA BRO ELI HAHAHHAHAHHA MGA BOBONG INC UMALIS NA KAYO DYAN HALATA NAMANG KULTO YAN ,0,0,TN
377,tangina nyo kahit bata papatulan ko pag sinasaktan yung mga adopted pets namin dito sa gate. mga gago anak ng puta,0,0,TN
378,TANGINA KA LAKAS MO MANGOPYA PUTANGINA MO KANG KANO KA BOBO KA NA NGA DI KA PA NAGEEFFORT NA MAG TRY TANGINA AKO PA NAKOKONENSYANG DI MAGPAKOPYA PUTANG INA MO PABAGSAK KA SA AVERAGE IQ NG AMERICA,0,0,TN
379,Makapagsalita tong kupal ano ka abnormal?,0,0,TN
380,The old generation fucked us over. Putangina niyo. Masaya kayo na siya nagunguna? Tangina niyo kinabukasan namin nakasalalay. Mga pakyu kayo.,0,0,TN
381,Putangina niyong lasinggerong teenagers,0,0,TN
382,tanginamo pavictim panget mo gumanap amp magsama kayo ng jowa mong tomboy bobo naman.,0,0,TN
383,magjowa ka nang badjao tapos pagbawalan mo magtambol nyahaha tingnan natin kung hindi ka namin duduraan,0,0,TN
384,Pakyu dun sa mga nagsasabing parang wala lang kame. Ulol gurang kana kase hayop,0,0,TN
385,"cheating na pala pag mas nag prepare ka ng matagal? para lang yan exam, wag ka magreklamo kung nagcram ka lang ng isang gabi tas di ka nakapag top sa klase. napakabobo ng logic mo",1,1,TP
386,"ANG BOBO NG MGA NAGSHASHARE NG POST NA ""WALANG LALAKENG BASTOS KUNG LAHAT NG BABAE MARUNONG MAG SUOT NG MAAYOS"" MGA WALANG ALAM AT HINDI NANONOOD NG MGA BALITA.MAY NA RAPE NA MATANDA, DALAGA AT BATA!  MANAHIMIK KAYONG MGA BASURA! BOBO! BASTOS! MANYAK! KADIRI KAYO!",0,0,TN
387,Kadiri talaga mga indiano amoy pati pagkain kadiri,0,0,TN
388,Bobo ng mga lalaki palaging sa una lang magaling mga ulol pakyu,0,0,TN
389,ang rurupok talaga ng mga ibang kabataan ngayon tangina ilang araw pa lang nag sasama mahal na agad.,0,0,TN
390,Ang papangit naman ng Mga my boy nyoo sa myday,0,0,TN
391,asim mo tanga.toothbrush ka muna. Baho ng hininga mo üòÇüòÇüòÇüòÇüòÇüòÇüòÇüòÇ,0,0,TN
392,Ulol ang taba taba mo.,0,0,TN
393,Tanga mo sa part na kala mo sinisiraan kita ice ka lang ghorl ? Salo ka kasi ng salo sabagay kung sino sino na din pala sumalo sayo.,0,1,FP
394,TANGINA NUNG MGA NAGSASOUNDTRIP SA BUS NA GAMIT LOUDSPEAKER NG PHONES NILA. BUTI SANA KUNG MATINO YANG MGA SINASOUNDTRIP NIYO.,1,1,TP
395,"PUTANGINA NUNG MGA FEELING ENLIGHTENED CENTRIST NA ""I HATE BOTH DUTERTE/MARCOS AND AQUINO"" AND LEAVE IT AT THAT DEPUTA",1,0,FN
396,"BOBO mo talaga accla.. PANGET na nga, TANGA na, BOBO pa",0,0,TN
397,TANGINA NYONG MGA MUSLIM PATI YONG ALLAH NYONG PUKINGINA YOU VIOLENT MOTHERFUCKERS,0,0,TN
398,Ghorl tangina mo tado ka. Binigay ko sayo kase sabi mo gagamitin mo tas ngayon ibubuy and sell mo to buy a new one. In the first YOU are the one who wants to sell that shit. That shits mine to begin with.,0,1,FP
399,"buti panga yung bata nag ttrabaho kahit taga deliver lang, gago ikaw ang tanda mona palamunin ka paren pakyu kang isip bata ka hindi mo alam word na diskarte hindi niya dapat ikahiya yon gago ka.ü§¶üèª‚Äç‚ôÇÔ∏è",0,0,TN
400,tangina pano kaya sinasamba ng mga hindu yung mga baka? hahahhaa bobo ng relihiyon nyo,0,0,TN
401,Gago ka pala putangina mo wag ka mandamay ng wala kinalaman dahil baka yan susunod na anak mo maging kamukha mo mapagkamalang mongoloid kingina ka,0,0,TN
402,kingina bulag ka lang hindi ka lumpo!kaya pwede tumulong kanaman! hindi lahat ng tao kailangan intinidihan ka!pasalamat ka mabait nny at kapatid mo,0,0,TN
403,"Kadiri itong mga pinoy na ni hindi maka ingles ng walang at sa hitsurapa lang, di mo man lang mapagkamalan na Indian, White, o itim.",0,0,TN
404,BAKA MAS MALALA PA SA NCOV YANG PAGKA-KITID NG UTAK MO EH JUSKO KUNIN MO NA TONG KAWAWANG BATA NA TO DI LANG BADING NAPAKADUGYOT PA PUTANGINA,0,0,TN
405,Nakakainis pakyu bata bata mo kuha kanang etits,0,0,TN
406,TANGINA HINDI LANG NAMAN MGA LALAKI YUNG MANLOLOKO EH YUNG IBA BABAE DIN EH TANGINA,0,0,TN
407,Pake ko sa edad mo? Sana di ka na abutan ng sunod mong birthday,0,0,TN
408,TANGINA MO KUNG SI BUDDHA PUTA IKAW MAS KAPUTA-PUTAHAN FUCK BUDDHISM UR RELIGION SOBRANG NAGREFLECT SAYO,0,0,TN
409,ulol!Don't explain nigga hahaha sayang bobo ka lang talagaa,0,0,TN
410,"Tignan mo yung info ng profile ko, putangina lason pako ng mga katoliko neto eh. Yuck",0,0,TN
411,"kapag lalake ka at nags-skincare, icoconsider ka na bakla. kingina nyo kaya ang papangit ng ibang boys dito sa pinas mga punyetang walang proper hygiene",0,0,TN
412,tangina pasikat negra naman landi amputa nognog,0,0,TN
413,pero nakakaaliw yung nagpopost hahahaha haters gonna hate amputa bisakol eh,0,0,TN
414,shot up? Bobo talaga mga taga Nigga University. Palibhasa mga aliping bayaran ang mga players at mga asong ulol mga students. LOL,0,0,TN
415,TANGINANG NENENG B YAN PATOK NA PATOK SA MASA AMBOBOBO AMPUTA,1,0,FN
416,But looking back shiyet sarap patulan netong misinformed millenials potangina haistttttt,0,0,TN
417,Omg. Di ka na nga maganda ang liit mo pa tapos ang taba mo pa tapos sobrang panget mo at parang ang bobo mo pa fame whore ka pa... ,0,0,TN
418,tangina if karma is a bitch then buddha is also a bitch hahahha,0,0,TN
419,pakyu anong longganisa seller ka diyan haha o kaya taga lagay tempered haha hayop ka intsik,0,0,TN
420,Pakyu yung manyakis na matanda sa tapat ko ngayon. Gagu ka nakikita kita pakyu dugyot.,0,0,TN
421,"putangina sa dami ng santo nyong mga katoliko, walang nagrescue? sabagay ano bang magagawa ng rebulto nyo fuckers common sense lang yan",0,0,TN
422,"Mga demonyo na gusto mamatay nanay nila, tapos kapag dika nag agree, sasabihan ka na boomer o mamatay ka din.",0,0,TN
423,Bakit bawal ako mag shorts pero yung mga indian pwede mag suot ng kita tiyan kahit kadiri tignan bilbil nila,0,0,TN
424,"Kadiri yang mga kabataan nya yan. Tapos pag nahuli sa kalokohan ang sasabihin hindi aware, kesyo dahil lang kahirapan mga pakyu kayo. Kayo talaga ang sisira ng bayan",0,0,TN
425,Kulang na lang eh sambahin mga engot itong siraulo na'to ü§£,0,0,TN
426,"i love lgbt pero sorry same sex marriage is a bit too far. siguro maging thankful na we were welcomed enough here sa society kasi let's face it, u cant just push ss marriage in a catholic country. mamamatay na lang ako pero hndi mangyayari yan",0,0,TN
427,Sana talaga mamatay ka ng hayup ka napakabatugan mo! Tarantado gago ulol! Punyeta kang putang ina ka! Bobo tanga hayop demonyo! Utak tae amoy tae mukang tae! ,0,0,TN
428,Sarap tadyakan nitong katabi ko! Leche! Bulag ba kasama mo! Punyeta! ,0,0,TN
429,puro ka post ng katawan mo juskoo pangit naman.,0,0,TN
430,FUCK BABY BOOMERS TANGINA ISTG IM GONNA CELEBRATE WHEN ALL OF YOU ARE GONE FROM THIS WORLD,0,0,TN
431,Sapakin ko tong negro na to e. Pagkatapos mag pagupit ikakalat yung buhok.,0,0,TN
432,bad influence ulol inamoka muka kang tigawat sa pwet,0,0,TN
433,Wtf. Gago 'tong Indiano na 'to ah.,0,0,TN
434,"akas p magsabi sakin ng kapatid ko bumukod n ko tanga, kala mo magaling kna, 1st year college k pa lang taas n ng ego mo, gago, sana barilin ka nlng sa likod gago, kala mo may trabaho n at nkaranas kna ng hirap ni reklamador ka nga dito s bahay kbobohan mo sagad",0,1,FP
435,muslims just always have a knack for violence ano? gagong mga aggressor mamatay na kayo,0,0,TN
436,"So anong parte ng comment ko yung racist? Geez, mga millennials talaga, moronic, inutil, feeling pawoke, sayang sa oxygen",0,0,TN
437,"Biruin niyo magugunaw na ang mundo, yung mga born again allergic pa rin sa mga bakla. Tatawanan ko kayo lahat kapag magkakasama tayong naiwan sa rapture mga gunggong.",0,0,TN
438,TRUE ü§£ kadiri yang mga nanay na yan dito kakabwiset.. mga bulag pipi at bingi ewan.,0,0,TN
439,anong pinagsasabi mong naka pakyu? ILABAS MO UNG SINASABI MO PURO KA KATANGAHAN TLAAGA E NU. KAYA DI UMUUNLAD PILIPINAS DAHIL SA KATULAD MO.,1,1,TP
440,Kayong mga katoliko tangina nyo kung ano Anong relihiyon na dinadamay nyo did nyo nalang Kasi aminin na mangkukurong mga pari nyo,0,0,TN
441,non muslim filo engenes need to shut the fuck up . di ba kayo nahihiya putangina bat ba kayo laging nakikisawsaw manahimik nalang kayo mga walang ambag u always set enha up like FUCK STFU,0,0,TN
442,"tangina talaga ng mga lalaki, dalawa na nga yung ulo hindi pa magawang mag isip nang tama",0,0,TN
443,no! muka kang mangaagaw ng cellphone e. bwahaha PANGIT! WALANG PERA! TANDA NA PALAMUNIN PA tapos ngawa ng ngawa tungkol sa gobyerno! palamunin mo kaya sarili mo noh? para may magawa kang hampas lupa ka.,0,0,TN
444,ANONG KLASENG NANAY KA NA IWAN MO ANAK MO KAHIT KANINO PARA MAKIPAG LANDIAN AT MAGPAKA TEENAGER? GAGO KA NA MAMA. PAKYU PARA SA MGA TULAD MO,0,0,TN
445,Putanginang mga bata to ang ingay nyo kainin nyo yan mga paputok and turotot nyo pakyu mga ulul,0,0,TN
446,walang gustong makakita sa buhay mo tanga kaya lahat ng tao ayaw sayo eh putangina ka,1,1,TP
447,"tangina pag tapos nito tambay ako sa kanto ng japan, tangina halos 10to 25 nalang binigay visa nalang samin dipa makakapag enjoy putangina niyo mga chingchong",0,0,TN
448,TANG INA NG MGA BATANG TIGANG PURO EUT ANG ALAM. KADIRI TONG MGA GANITONG MESSAGES. MAY PORN AT PHGONEWILD NAMAN. DI PA NAKUNTENTO,0,0,TN
449,Sapakin ko na spinal cord mag sabi ng lip sync yon. Bingi ka na palinis mo na tenga mo malala na yan,0,0,TN
450,BAWAL ANG GAY MARRIAGE KASI AYAW NG SIMABAHAN PERO OKAY AKO SA PAGPATAY NG TAO MGA IPOKRITO KATOLIKO,0,0,TN
451,Walang papansin sayo kahit magpapansin ka diyan ulol kng lalaki ka pakyu gago dead off,0,0,TN
452,Akalain niyo yun. Hanggang ngayon the baby boomers are still screwing us over with their shitty decisions this election. Tangina may mga Gen Z na na bumoboto maawa naman kayo.,0,0,TN
453,Hindi naman mukhang Aeta. Mas mukha pa siyang African..Nope. Mas maitim pa sa dalawa!,0,0,TN
454,"Come up with your senses, matanda ka na. Wag kang TANGA.",0,0,TN
455,basta ako ulol pa rin kay baklang jolina,0,0,TN
456,"Pakyu mo, baka gusto mong papungot ng ulo sa muslim!",0,0,TN
457,punyeta kang boomer ka bobo tangina mo sana di masarap ulam niyo tas masunig sinaing mo ,0,0,TN
458,So sinasabi niyo na minamassacre ang mga bata kasi they're not praying in school??? Anong klaseng pag-iisip yan kristyano ka ba talaga wtf,0,0,TN
459,Naiisip mo pa yung karma karma na di ka naganti bobo ka kasi di ka makapag kapal nalang ng ampog dahil sa kapal ng mukha mi pag na realtalk ka kala mo aping api kadiri,1,1,TP
460,TANGINA MO BETH MAY SARILING BAHAY AT SASAKYAN NA KAYO TAPOS DADAYUHIN NYO PA AKONG NANGUNGUPAHAN AT NAGKO-COMMUTE PARA LANG SA PAMASKO NG PINILIT NYONG INAANAK KO NA HINDI KO NAMAN KILALA! MONEY DOES NOT BUY CLASS POTA KA,1,1,TP
461,tangina talaga ng mga straight guys na may fragile masculinity amputa ampapangit nyo tanga,0,0,TN
462,THE POPE IS A LIZARD A DEVIL A FUCKING PEDOPHILE A FUCKING FUCKS FACE WITH A SHIT HEAD,0,0,TN
463,Puta tingnan Lang natin kung hanggang saan kayo.. mga gagoüò°üò°üò°,1,1,TP
464,Bakit puro na lang malalandi mga kabataan ngayon. Haharot jusko korni amputa,0,0,TN
465,TANGINA NG MGA STRAIGHT GHORLS PAG NALAMAN NILANG BAKLA KA TAS INAASSUME AGAD NILANG MAY GUSTO KA SA KANILA PLS LANG TEH,0,0,TN
466,TANGINANG SCHOOL SAN KA NAKAKITA PATI OUTSIDER AYAW PALABASIN? SARA SARA KAYO NG GATE PATI YUNG MUKHANG STUDENT IIPITIN DEN???? INIT INIT PINAIINIT NIYO ULO KO!!!! KARAKOL PA MORE! GALING NG KARAKOLERS SHET DAPAT LAHAT PANALO!,1,1,TP
467,tangina talaga mhie sa mga ganitong oras pa man din naaactivate ang emo era mo eh nakakasama talaga ng loob,1,1,TP
468,Kaloka kong mga baby bra warriors na to‚Äô tangina nyo mag aral kayo ng magkalaman yang utak nyo. ü§íü§íü§í y‚Äôall sick.,0,0,TN
469,ka-OA ng mga religious talaga kala mo naman totoo si jesus ,0,0,TN
470,haha gago totoo naman matabang pandak bakit ka nasaktan ikaw ba yun oh ganon ba itsura mo bobo sa panahon ngayon hindi kana pwede maging mabait lalo ka aabusuhin pag mabait kapa papunta ka palang pabalik na ako kaya wag mo ako tinuturuan ng gagawin ko toxic sila mas toxic ako,0,0,TN
471,"yung nakakahiya iba dito millennials and gen z talaga... grabe you can't educate people who are purposely lying, we need to attack them where it hurts talaga",0,0,TN
472,"TANGINAMOKA PA RIN, DUTERTE. BUWAKANANGINA NIYO RIN MGA BOBONG DDS. WALA NA YATA KAYONG LUNAS",1,1,TP
473,baket parang nag-it lang to mga babae samin para may makaduo? tangina ang bobo na nga tapos pabuhat pa sa coding pucha,0,0,TN
474,Yung bobo na kausap ko kagabi naging inutil na hindi na nag reply after ng HI KAMUSTA?,1,1,TP
475,uto utong mga pinoy mangmang na nga mga uto uto ang bobo,0,0,TN
476,putangina talaga ng mga matatanda na nasa government office hahahahahaha mamatay nalang kayo mga putangina nyo para saan pa yung ahensya nyo kung di nyo papakinggan mga lumad putangina nyo,0,0,TN
477,Akala ko ba 7 ung interview ni ate. 8:30 na o. Barilin ko tong mga arabo na to e,0,0,TN
478,shouout talaga sa VP ng HR department putangina mo dalian mo sa pag retire masyado kang bibo tanginang boomer ka pakyu,0,0,TN
479,"JOY BELMONTE, NAG-ARAL SA ABROAD, PERO UTAK CANAL PA RIN TANGINA.",1,1,TP
480,TANGINA MO KATE MATUTO KA NAMAN RUMESPETONG GAGO KA. AKALA MO ANG GANDA-GANDA MO? LOL BULAG NA PURO DEDE LANG NAMAN ALAM MO.,0,0,TN
481,tangina mo gago pakyu mukha kang tae gago time,0,0,TN
482,"Mag punyeta kayong bishops, paubos na katoliko sa Pilipinas dahil sa kabuktutan ninyo!",0,0,TN
483,ano bang iniinarte ng mga lgbt na yan? kasal kasal pasalamat nga kayo tinanggap kayo dito napaka demanding ng mga burat,0,0,TN
484,"Ang sarap sapakin nung lalakeng pasahero kanina sa jeep na naninigarilyo kahit na may nakalagay na ""no smoking/bawal manigarilyo."" maaan, dalawa pa yun at nasa harap mo pa. Hindi ka naman bulag nakashades ka lang. Hindi mo kinacool yon. Sana wag magbulag-bulagan at tanga. Sana.",0,0,TN
485,pakyu mukha kang siko na may pigsa,0,0,TN
486,hahaha mas bobo kang BAKLA KA hahaha di mo ba alam na ang lider ng INC ay dting 7thday adventist at ung blue print ng,0,0,TN
487,yung iba diyan pangit na nga tarantado pa eh,0,0,TN
488,PUTANGINA NIYONG GAGO KAYO TANGINANG MGA HINAYUPAK TOH KAYO YUNG MAMATAY BITCH ANOFEELING MAIN CHARACTER KAYONG GAGO KAYO? TANGINAMO DUKE GRAYNE PANGITVPANGIT MONG GAGO KA LIIT NG TITE MO BIGCH SANA MAPUTOL KAMAY AT PAA MONG KUMIKINANGINA KA,0,0,TN
489,Kaya pala grabe reaction mo ung pag sabi ko nang nayswan babe pakyu matanda kana,0,0,TN
490,Lord ang bobo talaga ng mga straight people na religion fanatics tangina ang sarap sayawan ng kordero ng diyos hanggang umiyak sila huhUHuhuHuhuHU STOP ACTING LIKE YOUR COMMUNITY EXPERIENCES OPPRESSION LIKE THE LGBT COMMUNITY DOES WHY DOES IT ALWAYS HAVE TO BE ABOUT YOU GUYS üò≠,0,0,TN
491,PUTANGINA MO MONGOLOID TARANDTADO KA WALANG MAGUGUSTOHAN SAYO SIRAULO WALANG UTAK GAGO LETCHE,0,0,TN
492,tangina nitong muslim na to na tinatakot pa kapatid ko na pumapatay tangina mo gagamit ka armas bata bata katapat mong kupal ka,0,0,TN
493,tangina ng mga babae sa likod namin may masabi ay puta ang iingay pa hayop sakit sa tenga aasim naman,0,0,TN
494,PUNYETA NG MGA BOSS DITO. KUNG MAY GALIT KAYO SA ISA'T-ISA HUWAG NIYONG IPADAAN SA AKIN. MAG-USAP KAYO. MAY PHONE NUMBERS NAMAN KAYO EH. O KAYA MAGSUNTUKAN KAYO SA LABAS. INIIPIT NYO KO EH TAPOS BANDANG HULI KASALANAN KO,1,1,TP
495,sino itong sumasadboi babaerong kupal naman,0,0,TN
496,dami ulit asong ulol sa comments haha bayad daw si father ng buwis pno eh church is considered non profit org may iba naman brought up ulet abs eh cleared na ng bir na bayad lahat ng tax nila,0,0,TN
497,ulol kamo pakyu gago tangina nyo,1,1,TP
498,Dios mio etong peklat na to khit saan c alden dun din cya. Pareho cla ni atay na prang mga asong ulol buntot ng buntot. Gurang kna ang lantod mo pa hilig magdikit dede nito. Mabait lng c alden d marunong mag pahiya sa kapwa,0,0,TN
499,"FEELING TRASHTALKER TONG BITCH NA TO KAPAG PINATULAN PLAYING THE VICTIM. BOBO WALANG GIRL GAMER GIRL GAMER SA DOTA. UMABOT KA NG GANYANG RANK, DI MO PA ALAM YUN?! DAPAT ALAM MO NA YUN ü§£ USAP USAPAN NA BINOBOOST LANG YANG ACCOUNT MO NG IBA GHORL üôÑ",0,0,TN
500,tangina mo kang pari ka mamatay ka na bobo shutangina mo feeling banal,0,0,TN
501,Tangina bat kasi naging pilipino pako hahaha nakakahiya,0,0,TN
502,kadiri  kayo  putangina.  catholic  schools  are  such  a  breeding  ground  for  predators  and  pedophiles.  palibhasa  just  bc  catholic  kuno  they  think  they  have  the  moral  high  ground.  üòê  disgusting  little  pigs,0,0,TN
503,tangina haha boomers nga naman,0,0,TN
504,oh putangina.... hindi evacuation center yung Pilipinas mga chingchong... manatili kayo sa bansa niyo.. tangina dapat dinedeport lahat ng mga mga chinese na galing sa wuhan... lakinh perwisyo ampota,0,0,TN
505,PAG MAY SEMENTO MGA PICTURE NYO SA ML MANAHIMIK NALANG KAYO HA  TANG INA MO BOBO MO NA ANG PANGET MO PA BASAGIN KO YANG MUKHA MO EH HAHAHAHAHAHA,0,0,TN
506,"Kaya ko kayo in-unfriend hindi lang sa FB, pati IRL, mga ipokritang born again kuno! ",0,0,TN
507,Basura na Duo BISAYA PA MATIC BOBO. I said what I said tested and ALWAYS PROVEN,0,0,TN
508,PUTANGINA KUNG SINO MATATANDA SILA PA DI MARUNONG PUMILA PUTANGINA ANO BA,0,0,TN
509,fuck baby boomers and not allowing people to feel frustrated and cry. Bakit bawal umiyak? eh kesa ikimkim ko iiyak ko na lang tangina,0,0,TN
510,taena sa buong buhay ko perstaym ko manigaw at mang away ng matanda!!! di mo dasurv respeto ko aga mo manira ng araw leche!!!!,0,0,TN
511,YUNG KAPIT-BAHAY KO DYAN SA APARTMENT NA KUMAKANA NG ADIK DAW KAMI KAYA PUYAT! OLUL NYO! TAMANG KANA KAYO! PALIBHASA ANG BORING NG MGA BUHAY NYO MGA GURANG! HAHAHAHAHA PUNYETA KAYO!!,0,0,TN
512,Dream on! Sarap duraan mukha mo tanda!!! Who do you think you are old fart? ,0,0,TN
513,hoy probinsyanong lamog ang muka na puro tigyawat dito mo talaga balak mag papansin tangina ka?! Ayaw mo tumigil na hayop ka kaninang kanina kapa namin pinoproblemang papansin ka bobo kaba ?! O sadyang papansin lang?,0,1,FP
514,BOBO TANGA INUTIL WALANG UTAK TANGINA MO GAGO PAKYU MUKHA KANG BURNIK SANA MAGKANANA ARI MO KINGINA KA WALANG AMBAG SA LIPUNAN SALOT,0,1,FP
515,ulol pakyu ka teh sinusumpa ka na ng buong angkan ko,1,1,TP
516,Real talk lang yung mga ibang new students dito na Adventist rin naman tangina mas malala pa yung attitude and behaviour pagdating sa worship/devotional time namin kesa sa mga non Adventist dito,0,0,TN
517,PUNYETANG MGA LALAKI NAGAANAK TAS DI MAGSUSUSTENTO DAPAT SA INYO PINAPAKAPON TANGINA NYO,0,0,TN
518,"PUTANGINANG CREDIT CARD YAN GUSTO KO LANG MALAMAN BALANSE NG TATAY KONG KAMAMATAY LANG PARA MABAYARAN KO NA, DAMING DAMI PANG PAPELES ANG KAILANGAN! BUTI NGA MAGBABAYAD PA AKO EH KUNG WAG KO NA KAYA BAYARAN UN!",1,1,TP
519,HINDI KO GINUSTO MABUHAY SA MUNDO NA ITO SA ORAS NA ITO TSAKA SA BANSANG ITO HA TANGINA KA KAHIT NANAY KITA WALA AKONG PAKIELAM INTAY KA LANG PAG NAKAAHON AKO ULIT ISASAMPAL KO SA MUKHA MO KAYA KONG GAWIN KAHIT NASA ILALIM KA PA NG LUPA GAGO,1,1,TP
520,NAPAKABOBO NUNG INTSIK SAMIN GAMITIN MO YUNG MATA MO HUNGHANG KA,0,0,TN
521,mag break sana kayo ng ka landian mong tangina ka landi mong gago ka putang ina mo,1,1,TP
522,GAGO WALANG MONK NA HINDU HAHAHAHAHH BOBO AMPUTA FUCK U FUCK BUDDHA,0,0,TN
523,fuck buddhism hinduism what fucking ever they are mga putanginang pauso ng vegetarian style human rights offender naman leader,0,0,TN
524,"The audacity of some adults to say na ""Mga kabataan talaga ngayon hays"" but they can't even help an old woman to cross a road. Pakyu sa mga Puta kanina!üñï",0,0,TN
525,Makulong ka sana para mag tanda ka sa mga ka walanghiyaan mo. Pahirapan mo pa nanay ko mag bayad ng mga utang mo. Pakyu ulol.,1,0,FN
526,"BHIEEEE HAHAHAHHAHAA Kadiri mukha moooo. Panget mo na nga ang bobo mo pa. Wala naman may pake sayo beh. Di tumatanggap ng bobo sa teuland kaya Tama lang, bawal bobo dito.",0,0,TN
527,"PUTANGINA NUNG MGA BOBO BOOMER TANGINA NIYO KAHIT MAY PERA KAYO PULPOL PA RIN MINDSET NIYO SA TRABAHO GAGO. TIYAGA? SINO GUSTO MAGTIYAGA SA TRABAHONG HINDI KA BABAYARAN NANG MAAYOS TSAKA TOXIC ANG ENVIRONMENT TAPOS EEXPECT MO MAGING STABLE KAMI KAAGAD HABANG NAGSISIMULA PALANG KAMI, WALA KANG KARAPATAN MAGSALITA LALO NG NABUHAY KA LANG SA COMFORT ZONE MO AH TANGINA COCKBLOCKER KA DIN SA MGA POTENTIAL NAMIN SIMULA BATA PALANG KAMI EH TANGINA KANG NANAY KA TALAGA BOBA",0,0,TN
528,sa tingin niyo ba abnoy ako ulol tangina niyo ibang iba na ako hindi na si ryan ang nakilala niyo mga gago,0,1,FP
529,Gorayeb magpakamatay ka na bobo mo.,1,1,TP
530,i swear to god ang bobo ng mga tao dito,1,1,TP
531,"Wag patulan ang immature porket millenials tayo, be a good example. Have some class ",0,0,TN
532,ulol mukha kang burnik ,0,0,TN
533,kupal na kupal ka boi ilang babae ba gusto mo sasampal ko sa mukha mo trabaho na tinatrabaho mo pa bida bida,1,0,FN
534,Grabe ka sa yuck nikki e sa ating apat ikaw mas mukhang badjao Dinamay pa ako eh,0,0,TN
535,nagiinit bibig ko kanina pucha ayoko talaga makakaharap yung babaeng iyon,0,0,TN
536,Manahimik kang lumpo ka! wala ka na ngang inambag ang ingay mo pa tangina!,0,0,TN
537,Why would we listen to your stupid opinion/and ur I Think. When we are more educated than u stupid troll and hater attention seeker si bakla amputa,0,0,TN
538,tangina talaga kapag baby boomers na ang nabulag apektado ang buong komunidad dahil nasa kanila awtoridad im freaking nanggigigil hahahaha :)))))),0,0,TN
539,Gusto ng mga Muslim ng gulo! Kaya subukan sa kanila muna dalhin ano,0,0,TN
540,"Itong nagtanong INC, pangit ang ugali at pangit ang budhi.",0,0,TN
541,Pokpok amputa pati tropa di man lang pinatawad,0,0,TN
542,mga baby boomers sumira at patuloy na nagpapabagsak sa bansa. tangina niyo,0,0,TN
543,bodyshamer ka hayop eh ang may babae ka na mataba. sana ayos ka lang?,0,0,TN
544,Wag mo ko dahilanan na katoliko ka kaya ka homophobic ulol,0,0,TN
545,tangina ng mga straight. Oppressed kayo? Wala ba kayong rights as ‚Äústraights‚Äù compared to what the LGBTQIA+ community is fighting for?? HETEROPHOBIC?? I cannot with this argument,0,0,TN
546,"kupal pangit ng ugali mo kasing pangit mo",0,0,TN
547,Punyemas. Lalo umiinit yung galit ko sa mga tarantadong boomers.,0,0,TN
548,"PAKYU MAS MATANDA PA KO SAYO, GANYAN KA MAGSALITA HAHA",0,0,TN
549,Hahaha hindi porket isa ka lang sa topnotchers e lalaki na yang ulo mo. Feeling mo magaling kna? Ulol pakyu.,1,0,FN
550,tangina mo bakla! Matanda ka na mag retiro ka na,0,0,TN
551,banal banalan na mga dating daan putaca kayo,0,0,TN
552,TANGINA MO HAYUP KANG KANO KA BAKIT KA NAGBOBOXING SA GITNA NG COMPOUND PUTANGINA ANG INGAY INGAY MO TANGINA MO NATUTULOG YUNG TAO YOU AMERICANS TAKE UP SO MUCH SPACE I THINK YOU SHOULD ALL GO FUCKING BACK TO WHERE YOU CAME FROM AND THAT IS FROM THE FLOUR AND  DOUGH SOME PESKY WH,0,0,TN
553,alam mo kung ano pinapatunayan neto about millenials? THEYRE SELF-ENTITLED YOUTHS WHO HAVE A BIG MOUTH. uncivilized nakakahiya,0,0,TN
554,"TANG INA NG MGA TRICYCLE DRAYBER DITO SA AMIN, DI MARUNONG GUMAMIT NG ROTUNDA. ONE TIME MAY NANG BAD FINGER SA AKIN AT GALIT PA SILA EH SILA NA NGA MALI KASI NAKASALUBONG KO. HELLO PUTA ROTUNDA HINDI NIyO BA ALAM ROTUNDA??",1,1,TP
555,tangina feeling matalino kasi hahaha inis eh,1,1,TP
556,hayop ka sister woodhouse mamatay ka ng demonyong drug dealer na madre ka,0,0,TN
557,"Nong time na may ipinapakalat ang fanatics ng mama nilang lutang na si BBM kuno e nagvictory party sa Balesin parang mga asong ulol. tahol ng tahol. Ngayong mama niyong lutang na nag Balesin to attend a wedding na officially VP pa  ng Pinas, todo tanggol kayo. IPOKRITO YARN?",1,0,FN
558,tanga mo manny born again christian ka pa naman,0,0,TN
559,"Mga badeng, umayos nga kayo. Hindi na nga kayo nagtitip ng drag queens, tinatarayan niyo pa yung mga natatanging supporters ng mga queens. Pag kumokontra kayo sa trans issues, kesyo paano naman ang kapakanan ng mga babae. Eh mga numero uno kayong mga kupal sa trew lang.",0,0,TN
560,TANGINA LAHIT AGAINST AKO SA PRIVATIZED UTILITIES DI AKO TIWALA NA FOR PUBLIC INTEREST ANG PAGLABAN NI DUTZ SA MGA WATER CONCESSIONAIRE MUKHANG GUSTO NIYA IBIGAY SA CHINA YUNG WATER DISTRIBUTION PATI KALIWA DAM TANGINA MO ULTIMO TUBIG NA IPANGLILIGO NAMIN GUSTO MO HAWAK NG CHINA TANGINA MO GAGO,1,1,TP
561,TANGINA NUNG MGA SENIOR DITO SA KOMPANYA NA PINAGTATRABAHUHAN KO PUTANGINA NIYO HUWAG KAYO MAGBIBIGAY NG TRABAHO BAGO UMUWI SINASAYANG NIYO 20 MINUTES NG ORAS KO,0,1,FP
562,NAKAKAHIGHBLOOD NA TALAGA TONG MGA MUSLIM SA TIANGGE ANO NA MAYOR? PUCHA KAPAG PINAALIS SILA PA MATATAPANG TANGINA NYO KAYO MAY KASALANAN BAKIT ANG BAHO DITO,0,0,TN
563,"Makapost ng genuine happiness kala mo wlng nasaktang tao ang mga hayop. Kingina nyo. Anak nyo hunyango, anak ng pokpok",0,0,TN
564,"Ikaw ang totoong BOBO, UGOK KA PA, D MO NGA MAIPAKITA ANG PANGIT MONG MUKHA EH NAAGNAS NA SIGURO O PUNONG PUNO NG TIGYAWATüòÇüòÇüòÇ",0,0,TN
565,ulol yun yung binigyan ko ng bondpaper na babae sa likod ko last week mabait kasi ako mana sayo haha,1,0,FN
566,Alam Mo pala tanga ka pa din? Ee Ano ngayon? Kala ko ba born again ka? O burn to fire ka? Kayo ang mga sugo sugo ng demonyo!,0,0,TN
567,TANGINA MO TALAGA DUQUE TRAYDOR KA SA PAGIGING DOKTOR PUTANGINA MO KA,1,1,TP
568,yall incs will really vote for what ur leader said? really? if so then fuck yall mga inutil dadagdag pa kayo sa pahirap dto sa pilipinas,0,0,TN
569,sarap sampalin ni nognog ng maraming beses!,0,0,TN
570,Walang pambili? Kaya nya punuin ang araneta in 2 days ng walang ka-collab. Wag kang bobo at kadiri yang katawan mo para ipakita mo tapos di mo kaya ipakita mukha mo üòÇ,0,1,FP
571,EW LIKE YUCKKK MUKA KA NA  NGANG AETA ANLAKI LAKI PA NG LABI MO. DI MAGANDANG TIGNAN KADIRE.. EWWWW,0,0,TN
572,Maka Diyos pero hindi maka tao. Gahd I disgust these Seventh Day Adventists na sobrang kisig sa pagfact check ng mga scriptures pero di magawa sa history. ISANG MALUTONG NA PUTANG INA NINYO,0,0,TN
573,"tangina. putangina itong doktor na blondinang balyena. madapa ka sana, makatapak ng tae. pota. matraffic nan 5hours. mabutas un pantalon. matangalan ng swelas ng sapatos!",0,0,TN
574,putangina puro matatanda mga boboto sakanila . mamamatay na nga lang kayo magiiwan pa kayo ng salot sa lipunan beh ?????,0,0,TN
575,ang unfair niyo sa section namin a? takot na takot ba kayong mataasan namin yang mga batang hawak niyo ha? PUTANGINA KAHIT MATATANDA KAYO HINDI SAINYO NARARAPAT NA IRESPETO E,0,0,TN
576,"proud pa na ikinekwento sa akin yun HAHAHAHHAHAA para saan? para ipamukha sa akin na gayahin kita?? haha ULOL PAKYU KA! üñïxori ka, hindi ako gagaya sa tulad mo.",1,1,TP
577,PERO TANGINA NG MGA STRAIGHT TALAGA ANO????PAYAPA AKONG NAGLALAKAD DITO TAPOS MAGSISISIGAW KAYO NG SABI KO NA BARBIE???? HAGSHAHHSS OH WELL. LAM KO NAMAN CUTE AKO PERO TANGINA NIYO PA RIN,0,0,TN
578,"Tangina ng mga babaeng gumagamit ng excuse for being dumb as fuck ng ""gender identity"" when gaming. Like tf???  ""Sorry, girl gamer ako e"" Btch stfu. There's no such thing as boy or girl gamer. Its only called ""gamer"" mtfk.",0,0,TN
579,Hu hu hu umiyak ka sa gutom buong pamilya mo ULOL,1,1,TP
580,"gaNyaN tAlagA mGa LAlAki ulol pakyu ka sana madulas nanay mo gago pala kayo eh. wag kayo maging  defensive pag sinabi naming ""all men are trash"" kayo na nagsabi eh",0,0,TN
581,Trew hahahaha character din si mudra na minsan gustong hampasin ng bible yun friend nya na born again na ayaw sa bakla.,0,0,TN
582,"ang taba mo na nga, bobo ka pa!",0,0,TN
583,"bat ang daming bastos na kabataan ngayon? pati lola na yumao na dinadamay niyo. ""dasurv dasurv"" pa kayong nalalaman. mga walang modo. pareparehas kayo mga pakyu.",0,0,TN
584,"Tangina pakyu yung bata kanina, nanghihipo + pinalo üçë ko ampota, ganyan ba talaga kayo? Tangina kaya ayaw Kong lumalabas eh minsan na nga lang lumabas ganyan pa nangyayari.",0,0,TN
585,pucha may ganito pa palang regressive na batas ano to panahong kolonyal ng mga amerikano ano to escolta,0,0,TN
586,Famous daw ang tangina pero puro arabo naman ang pwends na haup. Tangina mo.,0,0,TN
587,tarantado talaga tong landlord namin HAHAHAHAHA chingchong pakyu napuno na ako sayo kagago talaga nagpa repair kami atip naggalit katanga bobo na chingchong,0,0,TN
588,Ulol taba mo para kang hippopotamus na hinalukay sa lupa na may nana sa mukha ....,0,0,TN
589,"How can they have fun when they created ""CHAOS"" in the first place.PUTANGINA with feelings China!!!!!!!!üò°",0,1,FP
590,HAHAHAH KANANG BITAWNG WANAY LAIN MA TRASHTALK ANG MGA TALOG KUNDI MGA BISAKOL MGA PATAY GUTOM WOW OYY HAHAHAHA YAWA,0,0,TN
591,"Feelingera lang naman minsan mga matataba na cina-catcall sila o hinihipuan. Taba nila, pagnanasahan? Girl, please. wag ka feeling bobo",0,0,TN
592,Ulol kang iglesia ni kultong lupa ka. Nanay at tatay mo parehong sira ulong retarded.,0,0,TN
593,Oh mga Bisaya at mga Cebuano... GAGO daw.kayo at hindi maintindihan.ang Utak sabi ng Idol niyo! Ano kakasa na kayo?,0,0,TN
594,Dream on! Sarap duraan mukha mo tanda!!! Who do you think you are old fart? ,0,0,TN
595,"TANGINA NIYO MGA PINSAN NG NANAY KO!  MGA MAPAGSAMANTALANG BOOMER! SINABI SA INYO YUNG BUKID PWEDE NIYONG TAMNAN, WALANG KAILANGAN IBAYAD SA LOLO KO TUTAL PAMILYA NAMAN TAPOS IBEBENTA NIYO? KATWIRAN NIYO EH NASA US NAMAN NA LOLO DI NA NIYA KAILANGAN?",0,0,TN
596,Ngayon ko lang napanood yung commercial ni binay. Nognog amputa. Hahahahahahahahahaha.,0,0,TN
597,"Patay gutom, gutom lang iyan, basahin mo mabuti, kasi galing sa nakaw ang kinakain ninyo, Bobo",1,1,TP
598,"ang taba mo, kadiri kana tignan",0,0,TN
599,"oo di tayo magkalevel. Magkaiba kasi tayo tanga!! Di ko rin ginusto na maging ka-level ka hehi, puro keme alam pero pag-personal kita lahat ng pimples dumi sa mukha hahahaha opz.",0,0,TN
600,tf is wrong with y'all gen z dipshits nakakahiya na ka generation ko yung mga ganito kaazar,0,0,TN
601,"Guard may bulag, bingi, may sira sa utak, baliw, sinungaling, inggit, walang magawa sa buhay, pabigat, palamunin, walang kwenta dito o ",0,0,TN
602,"Mas SIRAULO MO, MAS GAGO KA AT MAS ULOL KA.. IKAW ANO TINGIN MO SA AMERIKANO, KAYA KAYO.INAALIPIN NG MGA GAGONG PUTING YAN E..",0,0,TN
603,TUWING BUBUKA BIBIG NG GUNGGONG NA YAN PURO KALOKOHAN NALABAS! NAKAKASTRESS!,1,0,FN
604,kabastusan na approach ang pinaglalaban robina bakla ka bobo pa di makaintindi. magpakamatay ka na agad? bobo talaga,0,0,TN
605,Pagkatapos ng brain injury biglang naging bading wtf. Di ko alam kung ano mas malala. Dude suicide is the way,0,0,TN
606,grandma mo muka mo im 19 !! i feel like 19 i am 19 pakyu bata napulot ka lang sa tae ng kalabaw,0,0,TN
607,wow fucking wow nakakatangina netong inc sa hr dept pucha di nako nagtaka sa kabobohan mo manang mana ka tanginang pinagmanahan mo,0,0,TN
608,ang init dito puta tangina mo bubwit ano ha masaya ka na pakyu ka sayong sayo na yang aircon fucker,0,0,TN
609,ayaw ko talaga yung nananakit ng babae wala ka bang nanay or kapatid na babae hays pakyu ka,0,0,TN
610,Mga wack amputa. Mga batang to walang ng ibang inatupag kundi lumandi,0,0,TN
611,Putangina mo wag mong hintayin magpakilala ako sayo tignan mo yang mukha mo mukha kang basura gago kadiri ka allahu akbar bobo,0,0,TN
612,Ang panget sa babae ang madaming acne,0,0,TN
613,Hoy gago kilabutan ka sana magkadown syndrome mga anak mo,0,1,FP
614,"PUTANG INA TONG KASAMA KO SA APARTMENT, HINDI MAKATIIS NA TAHIMIK LANG. BUDDY WE DON'T GIVE A SHIT ABOUT YOUR MUSICAL TASTE, TANDA MO NA PARA KA PA RING HIGHSCHOOL FEELING SUPERIOR PORKE NAKIKINIG NG METAL. GUSTO MONG MAGSOUNDTRIP? BAKIT HINDI KA MAGSUOT NG EARPHONE TULAD NAMIN? KELANGAN PA NAKA SPEAKER? INCONSIDERATE PIECE OF SHIT.",0,0,TN
615,"naaasiman na ako sayo bai, dati di ka batak sa tiktok, grabe ngayon naging maasim ka na bigla dahil dyan. tapos sasabihin mo sa sarili mo na pogi ka? gago ka ba? di mo nga matangal tangal mask mo dahil kamuka mo isang tikbalang tapos sasabihin na pogi ka? ulol pakyu tarantado",0,0,TN
616,Talagang edi wow. Sa sobrang landi mo sarap mong sampalin ng tite . Sarap mong ikulong kasama ng mga arabo . Pak u paki explain.,0,0,TN
617,Putangina naman talaga HAHAHAHAHAHAHAHAHAHAHAHA. Mga pinoy talaga hilig mangutang. Sabi nga nagrereflect sa presidente kung ano ang mga Pilipino. HAHAHAHAHAHAHA TAENA NYO TALAGA,0,0,TN
618,UNANG TAON MO PA LANG SA MED GETS MO NA BAKIT YUNG IBANG DOKTOR ANGLAKI NG ULO HOI MGA TARANTADO TINGIN NIYO IKINABUTI NIYO YANG PRIDE NIYO,1,1,TP
619,"Wag mo ko inisin,mukha kang katulong bobo!kadiri ka!",0,1,FP
620, isang babae na  lahat ng mga badjao kay magnanakaw,0,0,TN
621,TANGINA NUNG MGA INTSIK NA MAINLANDER DITO SA CONDO NAMIN ANG BABAHO AMOY ANGHIT NA MAY HALONG YOSI,0,0,TN
622,TANGINA NIYO MGA MARCOS NAKABALIK PA KAYO SA MALACA√ëANG TANGINA NIYO HOPELESS PINAS AMPUTA,1,1,TP
623,wala naman talaga pero may tanga ikaw bakla walang pinanganak na bobo mabagal lang magpickup o tamad lang mag aral duh pala desisyon ka sa buhay mo sana hindi kana magising kang tanga ka,0,0,TN
624,nag jojoke lang yung tao eh palibhasa kase wala kang pera kakasugal mo kingina mo mamatay kana dagdag kapa sa problema ko sa buhay eh tas manunumbat kapa tangina pag nanghihiram ka nga ng gamit namin sinubatan ba kitang bobo ka inamo ka pakyu ka matanda kana ayaw mopa mawala,0,0,TN
625,"HALLUH POKPOK AMPOTA BAWAL YAN, LASPAG NA UKE NYAN!!",0,0,TN
626,Pasimuno talaga tong nognog na to sapakin kita eh,0,0,TN
627,biktima din kaibigan ko sa papakamatay daw yung lalaki pag di sya binalikan haha ulol niyo subok ko na yan,1,1,TP
628,Putangina Ang baho ng hininga nentong chekwa na toh!,0,0,TN
629,Bat may baby bra warrior sa twitter tangina neto feeling savage?!?,0,0,TN
